tier,summonerId,summonerName,leaguePoints,wins,losses,puuid
CHALLENGER,6rQ2JndPXyUPUPDuIm7vVHnshU9MBbtDSVJ3RVoqb7xmlts,Kingen,1407,789,685,16SKQrO0LGujpJI-33lp-VhbE7bx7IxwB0xJItiydZdflBvTtxuPKX7HyuPFHF27VBkLHUAiIAxWQA
CHALLENGER,p9fO-N_juFQpkJ4dXhWe7CZgwj6PdNjd10ejccbvyZQHGYl7zC-IV8DhGw,dangyadangyadang,1022,840,754,8wtf-KtHtPItmYL2j6-CMsDFqRDQIQAg28Gxd4_o_edflHmTKc7f15ZhgnvwbszUiC3_CBl1EThN4w
CHALLENGER,owQ3TxmQr2bqJgL7xsnK_JJI16a7l7_PWk-pB37wdHIU8MYM,갱값하는미드,961,1216,1143,s1HVHiSg2musMDvZo1rRQBKKNNiZw0_jsnbCsjBcnlDY-KscPaRQhkE1eognfr2Z6pGuVLgzMm9XDQ
CHALLENGER,jGQsI2SMs3sz9c7BTaZCpgHFEbzg2FEK7VQj1BzVpZoSQQ,근성맨,927,858,782,0fBhNPNQ3k94H6W6-8So9Q2hOkqeFosqHOZPrU5cQgiBvN9hC6DMOzu7ulm6Gu1cRyfJngy4ZP3Kdw
CHALLENGER,wcbqGSw-mjXEY0oZkBBTJephLimbcVCkjqxKTdGIso1JJe4,Ucal,1308,525,431,eqyMu3d_sknHeEiyHvTH6PwjgJwIocMuu_h6yd05075HgaFAi2oha-Zc-uzMYtYlVrG4yWLvrZ3JEw
CHALLENGER,JyRybGthhn9zJ3Np1JGwJYtayVSXGDElaePI9iNj0RnVIQ4,Clever9,883,629,565,8GQRKRKjerJ8Aro1jaJTPSP8r6StLO_nhRgbKKBUsimy_qbZmk2EPZJKrSfAGLEmYuANz9HXdRFzzQ
CHALLENGER,g3Axjq6eoq-7A4o-0uK8PZfRhKDDvIFoDzbvnXVNIyZDvyG1,농심라면다내꺼야,1003,842,768,v52IM9vgvYQAbykHz9B7IUBFlPVAq6k-cZFSAURXIUxyYQmf1GuQ1sHzLE6hEKOSFn3df1az3J2zaQ
CHALLENGER,eQwhl7EfkNQHU8Inxd4ayYwb4dD0Nc0S5eQRoF6HHZIc7Dk,Pnpm,1344,332,248,wQB99Vrlb6oH5jH4Nc93bYSVbVIbE6gpYQvjxWv7LULfCH3wDjdOpWJ2L9RWCaPzPidlL6XNMfs-Wg
CHALLENGER,Tw3lIPhlce497YZHrn1Frm2ahJeZvSdTni3w_CNEOcDdsXy0esPzKpY44Q,Research12,841,364,305,SDPKf8Ec6LcasmiV6JnDRcD93__j3p5uE78RJ0ny3ELgvtuv7sCE9ApymsGVJyF1M6I783hU5xx8tA
CHALLENGER,Puc7_vmuWuYIMiWa9U2mFGfL_jInVaSXVBOD2_2myMRnB3o,KT Castle,1019,818,755,eUFLVdgpyLY-HJmCw1gqWQb5aMkWMSAW0sRpa75R8Ev8AVV4n-D89RDKZUzBOOYvZVAAPWwAzl_Nzw
CHALLENGER,J4Or_kjSWxc_yKh04tH-unBMziEuxdRfGITgxY1w7vVeGw,WilderR,869,1106,1050,F1o6QAH2sEplPIdRcN1fMW3003Gwo7fnvxOe29uhriVoNRfRSDJEsfY_PaVDMuyg90F8iotLnxgvTw
CHALLENGER,zjoMA2EjX0n6S47bAtbZabBQ64ocU1EXMHc6KdL7KwyPRcXs8XVuUn0yZA,날감히다그치지마,902,526,444,VAy5MYnmSHYDBA8dmT8ecA5k9xgFtBU4wFaMCqfa2Jj5lO8dZzOg0cgvmTernPFp2p2DLbOltLPRgQ
CHALLENGER,m-4-s14ay2-HlcHwB9-q44GVSFdnlUB8yXGabYZsg9FLOpE,T1 Zeus,1189,580,506,mgTx7CM5HK80dK4tTwmyqszQkE2R2A9JAyj5NP-ylhtqofsboRH3w4fbpyt_4V8xls4vzjKvwB91_A
CHALLENGER,ybQWO3uWY2AeNvv0oZgkspqN5aFR0JDJNDEc79NaGlB2uk8,heeseong,868,404,350,k8CTSS6hNHg7yCJEpi-o3aoL18jGtPmPjSZex4PO13_hk1Utoeg84x00gvZJEqDHp89CbRcIcmN18w
CHALLENGER,5cFMRipcKHn20z5uyVPRH_cOeGDsrCH5fSGg1zo1eKkh6Ho,GGGori,1416,460,366,DQ2KlP16WSDEJWQt8wW8hQ9FvIyjg75EhF3K9Woq8vvNnIAQlXMx-nD9_4aVNbDP68YaMifFpG2bNA
CHALLENGER,dSJTd63CX0hOC1QGzu_rpCgYeYMHi7rep_RnV4emHj3ZZl8,한영원,909,360,289,uM8LFsR8wltiQ20uJVFfF7RmapOI9JVSqDhT4KV2jz31Sz9v4lWN27Ka-iczdBf9mof18qu7K5gFnw
CHALLENGER,NUNt7oNjAG3a4KSCzLHSxKA-rEUJ9tASwz2jzJnE2WwsyNs,참새크면비둘기,1287,417,343,XSXnZGLFtdE7y5U4fn5akwU6nu690x_mIEhFwwH7LvKR5D7MNrCsIPvjE4bfHdya41uO4GHwMusbPA
CHALLENGER,lwhfRipAjX8fcOt7z4ySE9rkQR7KeWCIugE431EwIsf3_zY,분신컨트롤,1001,302,235,sPAuW_X8pVyiyhqBRawbKQHKCeLvC2H8MwIIqRJMzDIUMujtEkQGpNZ5eXVRvNVJUykonEza01p6GA
CHALLENGER,yDs-LMUAIFxRPmFvjzPL00fHnJQ4_IAfMiUvlJ5mkg9qjvIFxNSBoesh5g,나도 행복하자,876,182,118,bTdSzLNC8YjJ5mhVVKPJ-V5HwKXAffpL-3JPp4IbTUuqGoZhbmJn-DoOB3wTh50JpF_X8MCy40JOeg
CHALLENGER,NkO5W7Nf0IRWnXf4CfMO-WXLkYCaJHoLXjcx0YCzErwvKsAsRW4wBc64Sw,JIAhyfcnlczzyjya,774,370,309,MhC313nXMIfWSwmHzKuOVKe0SegiQNqop5_IH3npvgsZPpHQvRMAcme4cZwg6U1g-ssB2zKY-vJ3mw
CHALLENGER,27DpakLha0G409clyh8YIbE9T-yah-RyvLThN6jf2r9Gbn8,교육잘받은도구,888,349,294,M2Ijonmg-IYf3F4A_sttyoBovKY-tBWfNb18ARMNpIjnugXNXzZTvn5vcUyelOeV03CnNAmhE73eLg
CHALLENGER,RsYW31nHb5N3LaWVk06wwjsHuJ3loSSlFv8HfehaF5ewtBg,극악법 경탄서멸,972,544,485,11GSSXQhj2mIgu5HJszUBNS4LKY0oY6ljSwIs6hX4Lag8nChNid01_tx1NBxwIoym6-EsP9mTEjvFA
CHALLENGER,wC_KZg2HdNO8aRaMMzPCG5I3SVcmsOyYIr4rL_KDrlSi2dw,pzz 1,1059,318,246,hneYdlpgXxave_A7j_tVkZyT35wf8xdBLZilgdTJZ2jZfxyhXYwLYvAxluE3a_Kmm4kQIWzGy3degg
CHALLENGER,EEKO9oIH-nQHP3Rwp7Qa3RXaCO7ylLMnNjVqbq4gzFRZbE9CZ8HIuGHbBw,long yan jing yi,1019,383,306,q-Rxpcg1rDsDQQGIGyG8syKfFVVYTdVaGxmOSFdasVGoiNuaXgzNYDrcOkyyI6j4xL1uc98CdI_54Q
CHALLENGER,O7fau5htbRFDEl8YAAlPlkB_a7ypur6fotZ7OLJyOS2AHr7__JZw2mH7UA,DuDu11,1175,803,707,MSCOO8i79fxeQ4Kopqi3PLidvLStYc8-6BMPkANixf0Va2eS9PM1wWCKDuqf0ZBxYim-8t9YnnuW8w
CHALLENGER,4JuvH3tbCxVLp7NewYmJyI_iXw0S0kLnrz_6cYAuL8hbJixpgQam3fxTUw,zhongjuzhizhan,873,485,419,lULFxpSov__0mFOimIVYbtPKPSQi_Nxwv-FxPKtWhwVukI_L-U2JIZkIX7OmL_0kIaFvzBt1GV54kg
CHALLENGER,0kgU1-Kfo8y2UXcxKnVOnxd1suiFzA_TTeT9vPSiXucHop0,gasagao,912,909,840,1rY8zF4l0N9EY4YOsoRnW6qKFgvihzL8aDiofsfY2d6cvozkRWFWcxMLFvZIn6H3bJfsVR_pVbzWog
CHALLENGER,JUbdpVrKl6m__RYO1g-BLYWF32MOFzP7inmgtkAqPeqyVj0,호야1,1101,487,419,zhmw7b5JWxOJ47QVzqKpV9hTGytqv9tXBIHktGmSAD3TYmHdY3-YQwodRyr9YQ8f9en5o4jLMa065A
CHALLENGER,MMAKxb_rNZp5reRNz4SbSJWso_rr8VaSVoGufbAMGiMw92VhhwUdPWDsWw,FA Young JG,953,308,241,-E8VRE2-jstEdPZbDUgYsodQ-8DYynZZgft4P7aD00ab5GRtTyRwESPQep57TBVhbibgfrfuTDh5Gg
CHALLENGER,_MSoM3rB2zM8ldlMHLOtW_gAQBfPewyFcQr33syU4uj9v_A,hirsuta,898,318,263,za7MNBsvDWeVl2VBbXfn37gKZldEa7kKxtxxqB4khAFpUxlpGNHvWd4CbZ03A_PcSG5huDNxCK4xXQ
CHALLENGER,bFvwOfrwyRygzQI-Eovnrr1P4q58fw3_XHMjWO3GBoOP80g,yuugi7,859,266,203,m4iyymoYNBUKLFI0ZAQe3W0CLsOFC8zaOz_S0bW2otivVLwZJUGD1LxvYoFP2PzlJP6poGp_risUKg
CHALLENGER,2v4Q6sZWVQ3V3pxqr_Uo0vpVfyl3yRo6hti36_hNWGKp7Q,시부야카논사랑해,866,666,584,NY15-ljS0-j4bRkOofyOYgwaeAndspjZTl0LEu2kIvBI66qaclusDqXRRMPa23TRauCNnL4_EDOLIQ
CHALLENGER,kDq6J4sSZAp8EAkizXDA6zTeqdERv8KTXsrBCyDhnGoeJU4,해강고 원딜,877,567,507,syeTHBi-KLKQjAmuDtxXJN0Hn5PWwsH4cg1_ZgTBunB3ajHbAN03sYtbMsvRfKK0om4kE0iNHdhpYA
CHALLENGER,WT3IC3H4wizRzhxBKFV1ZbjzrLK6btAw8DOY1wBem3P7fAc,죽림초,867,1057,992,0NB4_1BedoI4BLw8yvtzyYku-IDmROqn5pK_le7s2mDREDm7Z-P_Dz5PL20eoGmfEs0dFbTh2CAToQ
CHALLENGER,4nMsDHq4FLMYMZfTfi3TDdvZ7QTlqadmzQQQV_W1vKW6vM18I-I0NcBthw,구글검색제드팀,1215,306,222,0
CHALLENGER,SmvTCOYmF8TvlfeaPWv4Jpw87cmKU85FFdLGGgo3J48CqdbF,재훈이의 모함,982,1006,934,tLrKyK-b0FrtMR1XoKelMeU3xz1mmD3W4hphDRZGMpAr0ZkyJlD5rrQT29tCV_YKwYwArSq8Xr7XOQ
CHALLENGER,AcbfPEveI1OMCGNKhS-i1tKx3gwzB44UIhrsc9r0wUrU77A,다없수질,1311,581,504,JoWROgUgOfUDt-DIAkgdx2fs-tyh8RX9l74Lu_SKRcvtFsYi2yOlURF0aovzI2QPopuT3XIHmYujWg
CHALLENGER,E5fbHh1Yu4RgJARkO9hZ37n8joKLlM2zv_4-WitruwgSrVI,Shadow HamBak ,1015,318,251,NL2ifQW2abDCPAt5iT7urhJ50Tm1E5paAPknd6yJnov7TqK3AVYgAG4sBPoTMLDuqu35_oD69AC1rw
CHALLENGER,9yp1WiNSDfAB5uNxXoAmqOgARS9-D1kCMPtO-igZx-PObq5ihVtkJcXiYw,DK Sa1nt,822,561,503,JL9lXId_H_essrYSK95y2AOBCVSDsY382p8QY7l2P8M_4VbBvF-BtgZLT4dS_DbjLriRZ_s-033aZA
CHALLENGER,1uRUe-I1OG7mQVobIcSgLDc_mL_2tRTnwrQoU_2S70VPc5M,누쇤퍅,1144,828,756,7cCP19iHn1brDA6ljLiQ96KjJHKxncK2cXRkMiK8svfdu_SaGvOmzxnVxq8xE9V9aeGo5uZtz-Jz4w
CHALLENGER,LcJ3CRbdH8YqmNVZ-uH7tj0zFjGG8r56QlNOyLP1p0DxzD8H4qE-xrS6Rw,Hea1thandAhn,900,264,208,th3Rogov6-6waWcwzllKhWSgQCg7nvlE3t7eOWqbYbTYtrmkb8M89-rqG8u-g7Wvc7_oD__tWtYdqQ
CHALLENGER,SyA99ibZVK7FCc77I_IEJzBEZK4Y26F-PQROMx7-f1enBpNCg7TAbTiAAA,재미없네롤,859,259,210,UHb9JGZjeKR0OgJEfU9G4eC_eK-VNYuJ1LYPlMv-9rUODl9Gjiv9YWrqSyfcc6EwaXqSBsCHsUGfZQ
CHALLENGER,zbJmVUvTR9iidImGg12JI081-yqf7YOK0hEDj9zvbVpFl2w,태기베어,924,343,278,bhx0uSP67SvABJp0WEfTwakClq6Oq013Bb3qyuuHGi3AZjKm7V8sOR0slhNzbOppWiYgUQ0fvogS1Q
CHALLENGER,8Rx2Ew7OX0IKnhQDaCDIVZ99SRX_UO4Wpj3SRYdFg5UnGKM0NEFLvD7csg,chongxinkaishiI,925,657,588,Uzg3MsVyGtwNPEoeTAGkIlctIpcoGWHq-OnLjXSpnGwFX8BZWJTWERBFvE9KWM-rBVMNh5EtEFFCog
CHALLENGER,9r8L7sx3IcxrRShJw1NWTHiKvWMDebU5v_Slcqk4yehsi4jS,20200902start,1029,322,259,9VDcn-JUC6k8XoxuxeVDUrIopkin8xzrHil6O_dCfaiygzssAofzWgFEBGa1hc5O7j3qII-owu2VWQ
CHALLENGER,WdnAQ54ppcpIHiz8C2ehHBTTbGcCJohz_rzS6S-QFkK1_Hg,돼지와함께춤을a,862,643,562,F9JMZeR-VqUUMc9ftfVK2oH0PODgPPJJogoTqyGGeSaJnd-HORVpXuM6-ROapd6MDnUNXTLQXrGFBg
CHALLENGER,NtYqJzvZK6-4EXN_EUXEu9viu7j8voO9BNmrbnQzGDgRwgM,디알엑스 태윤,1243,629,540,vOz2TxpinuKbJ44pZhBFfdU85tSHAfqY58FeP7lf8osbKMxabHAnKf1xzYEsfWu26v2vUbfcKR32qg
CHALLENGER,CaCD-qjVC2Ji51P_88eiY-Qo1u9VSOnvPEMolPE--5YWKqc,워너비해피,874,192,134,ioGu-MLYCxO3hJo-eYxMOS-ou6mJrvlIWGrnv1Oj1Cx2dRP_UlieWsbUm-ZCJSi3FTVFYZAPx0fSAw
CHALLENGER,eMoZqlNyNBQOC1O8l3PbmT1beFIbm5Fz4G0AN9SE7WfL0sg,오뚜기3분미트볼,1179,348,270,wNZMwDcHsqgaUHzQbHF_j0VTBmjU4b--4xU6yk7AsbJxhLwngWl9JXjHhmuzUl5h7bQLqtXQlqNROQ
CHALLENGER,F8U5bMK45QKJRvB1EtcDq2zAN5YfyRcE-ytFR-pchB8dbqM,호잇이,1036,907,839,GmM9z0H4nQKBG8oZhw5qh_3XF6xqwPi-t06c_cBTFeVrKbzVI9iwZactEKbp_Qw09eR6UqEILyI_-Q
CHALLENGER,WHsxQqNFr5c9HeVB0KDvhc-68XF4UOWzbDtqv5N4gCYUaBI,Px8,861,667,614,81NELPVgbIEHVer9Q6r55sCrDx9DHqAL5yxvE3tGjZuzfHSfINnOXrh1UwjF_qT6L1n3BVTL1_Hq9Q
CHALLENGER,uQAdZUldnYobdSYrQA3b9feTXfQ4yyNVa_oMt6qK2jaAWYwHxGoL-p7Ryg,역시폭군,929,409,353,-o3IxqBGMX8X6zdco-mcqpFJ_rBKIlb7rXpMmSUosE-_LdEAaNSNFT_glRGRjWMIYmx6gFhqfqHcjw
CHALLENGER,rkinmuzzVZ0S5KZww3phMSROg4-WpvYaEZsHU-a9gfFQciOX,choooovvyyyyy,925,406,347,Vb2AK7430DHVQQ6L51t0rOXwC1-DcNmyPSmOfdnP-Bqy2fnaHsVguZGmq40agR3-qTK7N0tKuYbctQ
CHALLENGER,CZf3Y8maZnEzC9STMfVbO5fC3PNRFUEYyQthq6Q7q8aiZqw,NEED HER,894,510,440,aBxfwtHfkkfNzHNc6C1KatUt6fsrqnAmonF1K68qeBANo5fhZAsT84QgPV8LhZvaF82xB6i4l1Gs5A
CHALLENGER,wH1vKxobgskV-pjYIOHjRpJtoowz9eVrw3cDpWsFaus4Yjs,Shadow Ruby,1055,552,489,pfIb6CwycXnC5TwngX4La9gmlt0jexyuClZXBk_XzWQZ2Sd7Nd5fYn4LL4F1iq3vfMSBlOEcCetd2Q
CHALLENGER,ByN4glk_w5Ae4HJGjg6EZCYlImwXmUP8PVOWU2SHvh8GmKA,deokdam,858,618,552,7MQ5ox5fz3xBtTNvTGWKXLA-El3sCqoz4uhkPUaATEpFlH1Ni0zR647PzMpRxwuZREx-B8bCbnUelQ
CHALLENGER,DIpgbVmbnfEjEpqF_Ng_MYFAfxZg6fAMzCqMKFuwprbVUk29,FA YuriKR,884,228,173,5MVfE6Psei6Tz2xbALGNEIvdGufq_ZOpVg9asOG0bxMEVwaGexEI_VyFLFKNjN_tlqTo7-aJmP9u7A
CHALLENGER,4jH6jm96Jt64_dzLE1xYQ7_Sg4nWWGy-W7KyDMGE2tAD9pE,돌이킬 수 있는,902,652,599,i2HKiyx_QXSHXDgXW7vyLFuTSo-XfL6Zep2J1b0ZAuNNl82RqIoBTdw5L3eXweCKfmlW2TsdmeivNQ
CHALLENGER,24LrIhybRFWcPb9569669BYv9QlsBOSMand37TkYcylU9Wg,칼과 창 방패,1002,366,296,clhsNlxBdJ0UrBFWBMK6a94yJtpZ0H-T8K_mlbcNegu6bXBJ-CFBybg7mvS5w5iTFGpO01IM6uTY4w
CHALLENGER,7DhqT5KF6ltdLhMO1yiA-HbrLahLw1ZEP3yLZuaZMk4fbuE,vlrhsgody,1129,307,230,Kq6EzDXJCAM3quWnyevNsQo-FXHhLjxjyO8hBzVcfVFqqzNeUerf0208E8p973Cn7q2PFRzcjAbHnw
CHALLENGER,V0KJBYaiQMVODFvs0p4YDLfke9GowrHUHve5EGLO1WlHxqeO3rqn3o21-w,tan hua yi xian,846,973,905,I-Ib3jpAqEPH4GHsXR5ziNM0M8bdvT3LITkx_-c2Q1hTsB2gKw_r2Jlir8fLZHjNnSYqKK5nWSd7_Q
CHALLENGER,PtgewZ62Hrl63W2muElJgupOiD91gEDMM4fzOCC6Sgu4jhg,xiongmaodaxia,1216,752,667,241U6JoujksIO0MYllMjMG5n3JRGAJ2mw1SrnMmZGAjKsGhNkfHZCL-OfuwwxmxCESUhwhuVhYRNDQ
CHALLENGER,IpQdZNpACnU9aK5h99yXmrY6rdXezoYRii63q_hKxg7bgDo,우엉멍멍,854,655,594,RqevfT_USBpSSGs1ML_b27J6-c2MgatbTzC55l2AxcYn-U4BeDWLYgMBIjVmU8_m_qaMBRmq7Bf0yA
CHALLENGER,nB3t3MUkXTp5fYJA5dcLNelTaKQv446ibt1vKMXytfBKUQ,유백진,910,724,657,Y6CZlFQoM-DIK9VRWFO7dAmpiGtmMKXslauZQe61T4No5tMNJyySQOX2807ZaujXq1T8Kh7UFL2EKg
CHALLENGER,orJEQJGzUPpJVt7zA2F0rYcSUedzLNMUk4mKaE9boDBSDtE,zzczxczcxcz,857,835,783,kGwa4ZpehBK2hix3_iQuKRHLVFByViPH3iS7Mo-W_RXWRqdKWjyQL6l8p3juWVMBzslw0XUBldn6_w
CHALLENGER,AuGhGssMwapUdmePj_TG52pAhjIRM2OMNnHzipqr1pMkNLw,Gen G Quid,956,1647,1569,Qm4EH_ec92S0-7TJGWzJmedoUxEa99kFbjtA1x7RsTv3RllnsYQqsoEZikcW3ajwZi8kkGDX10ZyoA
CHALLENGER,diWtsFzDPFJdcmUo-jtgtCcQOq9DEQ6lJNhXNmSTQFFj1Ds,T1 M1reu,1009,532,466,BFw7XOZSvYSLQPIpiYtJECX22ukGdMpLj5wjyy_zPsaiavldAPxlAJEOTd3EbcJZwN6NqhYnK3DzwA
CHALLENGER,QuV8y0Zek1hJ-zbPO9Xmg1hmiWRGcmH3RbfoQpIgatSxYfo,FA Decky,1198,1116,1029,dRi7TNBSqadUG4TyJHS0Lq88JykhgYysmdM6IpzuLxoYYVttLZM7VfaYcFu6oSPu5yjk8qu2EJYYIg
CHALLENGER,LdlzW7NSF0sV5PvrxGMRH1TydEjoAjMlAOlHpmZ5K6rnwZ8,으라차차으라차차,1153,193,117,AoLt03dRzvnVBd3S1CvRJ7NV95B_uOw2kptyf8hj2pcCWRYMotFa5f-6UJFcQaH-EbVHQgIgedcMzw
CHALLENGER,sXxjhdPJDoYns0Q5q1TMm7haVKOlzT0V69_0nAFeH6jTPYk,사 용 수,1006,1047,978,b-HhboNY7541PHa3o7GQWuJq8WrtrJUed06Z6qRUNTDDF1Z6_dK_NijqPZy91XomcvmiT2nFgak8kA
CHALLENGER,P5I0LrgalPuMFxB89o1TOnIh2rsCmIxgtTIzdpRqNxL7mgM,늙은할아버지,867,562,496,NnlqYR4wzEXiDnAFsZZpiOE2pHTXWDbiOsgAcW5mnWKgAnaxMALRWUyab2maDVYSCr4_4wz9n4xWTg
CHALLENGER,90fPoLmlOONZ7JfCEJBKREXFHtIWpmx_Rmpo73658UFAwA,JustLikeThatKR,976,806,746,lDhtHr5lcyZCn8ZkfpT7UeIUl3vQV6ouSP4Q9J2jnPQpKnhpAg6G2cpgz3RQMr2w9rFtQaOo3msFMw
CHALLENGER,aTX_1optgr_r3wzJ7sUTfomPxxL3SG9qR-no-4CR0eo8AtE,라쿤99,870,441,380,zxGqRhFXRLA3_pclNu38kkn0jRKgusHecKgtK9yeAdkGP82F-0X4BiIWylEXt5RwddQeEcJsiAQc8w
CHALLENGER,dH22frkvvxiyYLR87ZzcHFOtNK-GhGCva3YhUSYRYUsMtw,HuyaJincanyi,951,497,438,qLByRMN0dzf1bxPpwz7xCQ1Fbi0Q4fwbsdos9_h9DGuC9aj_anZ2HCX50S0-UD3_pBxtiTLGbvZ1Ww
CHALLENGER,GSBOhygRWpQ2KAMdrNvJhwJNSeK_ZELbMs-8dGvcaADYZfc,폼 팡,877,1154,1084,k1SE4wsxBYtdNS3NZtBYicRawcrJyRhQaeD-AF78wYzNEN1v_Q4QetywKMmJstlswZi4lufYku-U1A
CHALLENGER,vFmOajmLjoFzndVd-mxcgzzhh4p3v0fXkpqPwvKKm5Yu3a8cnzHk2NPzrA,강태동유승승,873,180,113,uo-Gnz1-R8RqmBBDRfPNLvOB7teiDneG8sjcsUAwE10FvpFQ8ot_G71qUuA9bDOo1cyqR7YD-faCow
CHALLENGER,APx0GOi1NbQgDuBihTin5fGIb1m_Qf8bnRDc6BxlEeFqzMY,와인 한잔 주쎄요,951,303,240,AC7CIeo0IwLtL21AWVyD-znGUpgSJPa_4aqk0NmY2_YbLqdvP8u_52GDkvJTJcveX57n_ov_OBGUTg
CHALLENGER,R5BKiBqJa3b09fZCPGLw5zVzFq31Bf08aLfDYTDI3VbjHME,물좀 떠다주라,849,1708,1653,9b-pxtX-B_WExEABCOv_dsRGIQAXZw7Mvk9_Ux3fVxbmp0-jqW9FAmrWIBrH8qZRWutzj-85Rl9JLg
CHALLENGER,DFbrbiZX1xD5XLvKcqr-BYEvlkmsFEq-chrF08aH1nd0esM,워웍뿌삐,898,509,458,vOul6DzpWsYM5OY2hnk8rGPaJjI4KjfOrNv7D6m9v_CwqZHCHAN6CEqgJ32AFFTUTKAzNw1jSD81Ow
CHALLENGER,N96PAIdNm8lC5dbHFmpmsVEp-mRLjgCWjDgbq44TaYnXMyk,Gen G Peyz,1316,1234,1148,vlhVw87brrIUm8le1qLYbOAzuZa1xs4_hPozfioAt-0MgP9EeV4IIPdoy2sKwJUywpFzgDxJMBOo0Q
CHALLENGER,_D4Qy3uqHe5FAb-BP0zHeAMuqG_-nDL06h0a5HVkpY_4Q8uVWO6ZUWxIpA,우제우스,1504,649,548,5V97o-kntJ9XI138P3ypffNdPGezK92dVhZ2EWAdIf_g5QgBlWYs6G5r-gZkj5XjrsqA8a5GQAblmg
CHALLENGER,WPRqButGh9-BH4D7EVNXgZ99VrZwfP_sMXcbgqEh1562-m-N_yHMEO_B8A,bonnie123,1299,1045,963,BaalqLR3jSNKW5baKSoFodQqrZqhB8x0_PO4s5FrlkTWNwZuJoOHbPUDQtctEGUwp5TYGGSYkwRbSA
CHALLENGER,-L4kkrnx3mxqZiEzWcZWH5az_qVz-XWjWr-IckFjI9Nk9L0ydF1J98c01A,LN party,1008,1011,936,dSCo-SKqakBxCB4SaflK1ZlqQX3IS7UkmsBb6ikVSXooi06nJ58h9HqCi0lPzUftSA1WIGXgplrKww
CHALLENGER,z8h82G3BK_WmCbC-wAO7U0vM6Ev-aIUgfX9CHfmgA1n8jCI,fuzhu carry,1028,1056,991,u7xt6Pis5WHzOZpcSakjbwNb0-h8onO1MskTSCfjt-ogn6ajP_S946afuG6HbnPDF3yrwVwqM9QwkA
CHALLENGER,sEht0SFCM905KHNQVQqea9z0Bap-yijhMwSdSk5gzhFfEI4,구석에앉아있기,859,288,224,Kl5arq8d8o0VS8oj1Aqr9jxaIYU1tn87XqujwsF4b5-a8WVcoDoa3Rsp2IRVeuJFJSqaIUwkIYGp_g
CHALLENGER,ZBT_cZ_Mv3LQJULkgvVSsbzao59D3GyVoErwelhNFm2pLFc, 나차가운 마음,1005,613,543,cdIOQZELVladi0otbe2R41aIAGiillJLepXL0NYpX4awhHTj5JodN5xE6rfFdSuCQh4T7yDHNYQbgA
CHALLENGER,B9jgRDRWc6eNQXlZEvlZsx3mchw3v5RKKManaI-M6IT4NZI,그리움 설레임,864,298,213,G6AlGmZZ2vLIWW6xisls7qKcY-aa82eikACM2EXdUadjb7GHVuE_KMSalv7JBDR7fvwEFSniEnSOrg
CHALLENGER,Xo3aGJOvNOoYrEuSMdBzHRYS4EW1Av68GpT3imfPn90TEFm_,Y0UTUBE Axiyo,903,538,465,c_0VbX3Kgij36q7aBchXJfzit7RgFHHkrJSAgwsgF10mP_i7JZNtiKvvSgaa9d4LnySUtG5D5TemLQ
CHALLENGER,m7YJ9FJ6hPYjNeTR4pJH1aHUqlnchQoLhmLOqUXYSyPB1-lf,Mg mid,936,1317,1241,JQ7NruhI378-46HUjjQ-DXW6bfO9NpS0iZuhlgWfEURMvh5mYqWays7SRyc7-2bxYueDVa5FHTc6BA
CHALLENGER,2uTIkRvnbWbxGJ0qcZWFncCZdNnnqueGt9iznKrQCmFvh3Ouf3n4TgBS1w,Erilia,1112,109,54,sDzOa5uB88bgymU32cR2aVfCf0p3ZEl-yGvSmhp3DNHUy44rJvjrO8vLr9cmVc7chfcgHwTJmks2UQ
CHALLENGER,vjyJ9cDrPlCSSxMICHX9ByFrTdDECxuliy-F_GU6QHWtfpA,Yorick,949,648,582,qyzo6xnVibQMTVJER1mEvnsHGVIodTaZ9_8UhNUeA9OawXpK1T7TUexFEKxxbNGam5UgkpGia9tfAA
CHALLENGER,O-hV4epAt1zF6kCT1a5WoMU2pVQgEP0E8OEH6-oXo8xHusc,조까안해,874,702,622,33ns5H-d_XIvR5iAPtILjNqh2UL_Xu4N4FSJ8NRrkqlxJPzsK0dNX5zp57Xyk5R0mucGTQuFDsjmcw
CHALLENGER,kkEqhBaLOQuihvmubCg2gj7tqb-m-fF065kJasULiEhEHNad1C5M1Y2HSQ,502 Error,867,172,133,A0gyLZHmar-rYOQ0rTtGXbSPoABwj1wt3HfSt-ztmV9bDUqT4aKfRLfUgIUnbWt5sa1ebXDzn94laQ
CHALLENGER,Um8a28EnIeUB7P8_6HbrgsN_AHxzxLP1IgJUu5_htDF6CGgV,Pier0,952,1077,1007,lD_-x3NLA5nY7o8b4SB9qiSPTNsESITio_Ns-DBl_6TTEEmGMVCEcnuibdIaA_J5fcmOeDDfrYMZlw
CHALLENGER,AfpeivPlPV9Qm3FQc75PBkNZCKVGRdDaOJtRctuJaB5yJ6k,Gen G Karis,1138,622,540,bDeGM-KMdJ3OlAXZxEwF_Wr2a6bDBPCgUpv7x87dv0HyOcpFBD6Lr3jlfIpoG1Lp3k5FiV37hw_K5w
CHALLENGER,qMZgNEwVQrM33B2aEdwyF49C_fEd8u_MjFtUgKU_Pc1PEy4,ADC Honey,916,478,409,HPWOajBYPKHeU088huuJvZKM-8QVNsbcm722-ty9cmhx0uPg87TdAOBzEQ8nD5HGuqrY5tYqwYgP-w
CHALLENGER,uraYnwAZrFDMtRXD0jOIxE50Q0lZOwitTPttOvwBPPbMd0Sh,ZEST1,872,700,625,j1Iv50Cc_zD7PEz-rdeYGXgK1FgSxgiM4zJq_nwrOK8NF5Uh1VYA3IwkKPn0No88mNxsN4S31UuBHA
CHALLENGER,JW4tXOn8fGWoqZnrf4peBa-VaErT-btAfH1Mx8-gSwMnzxcD,장임박,932,578,517,1R0N0sAIJEyQtsMd-t8Be9Y-SSr1Opjs7aDGeGTupQKyjVCkG6Bj_KXHipNjpVyCGcldArK_ZxCCVw
CHALLENGER,AbDgC9sc-8S4VmP7gZDoai_a7qz1TcCnc5E4Vp9UFwBDL0U,푹 쉬면서 해요 ,907,1027,924,wOTbs1GF5BM3IC7knJKTWNEJLzcJVA1ZL7jdOCDt3Mw9U6FfKQ03ItI_K4cQ6Irhm8Gb8uPs4ohaDw
CHALLENGER,QpewyK1OlMeJyjxgka0EJgh7RREPS0qMMnSNCWtngAMm2OrIqo5OlgjjTQ,이진용이진용,1305,835,739,s-DzDhq8auQrQz-MgZFKHjYunc-Sb0t3SmYuDIxe3UjnwNpAIg7u1GRZH3pFMpkXG2WSJhww3rGWJA
CHALLENGER,V16XTxyrsdSGCUMNEgKgBIHbpCFVpV6cKLc_3JPuPnYqRiFT4RMfAzATVg,Deity please,981,713,652,s1sCOJpzpHUDLDnsUV6VouqqQjs8_Er9D_eM2GXi9uQJ71zC8E41XnbIcYSOEEaaA0iQjvso3zACWg
CHALLENGER,x0zsqHKoQhhO5cJkx_NJyJEq07EGNoBiHtmVLQklInSiLqczdx97ATwWqA,cong tou kai shi,1301,780,681,Z6x8MrCFOMsO6vTkGiQ8jz9DkvjPo3Rb2Z_igcv8M-EC-Ohh4c5XMi6hcFwZABUVSSJ0iLdDDG4I5w
CHALLENGER,uqwxFWXDJoJBusAFxHJJEQP5jjFtI5EtoL3R1llA1Mbrp2A,Fisherr,1035,987,931,WeALqn7BgNkp2L5SqG4HIAyGUr7yYXXTFb_yPJ5gOd-nyyONYNQO9d-Okfqpl_9drzRdEtgwS7mumA
CHALLENGER,rAvmqDim-V33fMS5RvCn6a2mNBGFavVL5QG5U8sgpVm_M6s,FA Arad,1025,360,291,dfHjMZQkMzwRSM-TwfRcxB5ExaX_3lcnaozctaAV6vWX69rgN3LPLNImWEgodu0mGe-QLQpBQFIOmA
CHALLENGER,b-ZHWQJp5qrhqgWePu8m747Q9oKRNSv6IfhbZ-ixWVoowng,oLgoIgoLg,903,1098,1048,t0cAH4_Pz6V5BfxckI-r4okRKZfU075pI0l-1VcXy6_TNfbE7YjprhVgq38LJDOpf0TdHY_he8w99A
CHALLENGER,FVCjM3CVmmBmma6J-g3Z2rV9aXEWVuwGiSFpYDaf-ijkn3IL,Saebyuck,865,423,366,jNUg4SIE9feBKedLjooHVigOyLk2S0OOGi3pIFmlC4sMImVpsMMwvYI5fR-fFdC9Tc6Zx9Gqym2s2w
CHALLENGER,6gcoIxeS3KPK1lYWhRblSd6Uf3vEZKVYTxhdozTTu3pseiU6EKNTec_b-A,처음부터다시하다,904,627,528,h_gbUc1SCxH_hQQebr_EospVRRCTawHQCwXxht8Dzm0d0xGzf2XdJlXHQaimub_En8v8xv40rAsQEQ
CHALLENGER,ZinrLd55AjJhYLlff2zuC7JHqxb6TkWgJ8N5NYmduGctf68,EIderwood,907,649,585,GCm35kXw1Y1-x67bR0n6T0_7zB2b3F4FJSXNFie67dDdC1BwnY6iJdz2USis4THZonu_qWz_0-jQbg
CHALLENGER,0tbKc60q0h39c_uduq9ezrWQDMOI23v9sHrbh-QnyA_59-yBOoNkfVx5QA,Aljlrpaxljkljxto,1141,514,423,1uBn4NfWo7WCNEZ5IxAzffFjqdnA2mGl0VSm2kkPNdcvkgjLHblKvgheZMHR0w4KL924ENvAmlxUMg
CHALLENGER,hTJV-EmmbHpYr957ThHyUgsKUHU47IVURjxXc_MzQXrdJqYCOeWm2xgAGg,Astrocetus,860,460,385,cQesUE3duQcMLHcldUwb26f-DdwwQsgzQ3SyLJR776szc4icNGB0UEartFwo5YYlAH9iNrmlgcpMBw
CHALLENGER,gRB90bURdAzDPLz_i7xY-RdEG1SdJGaSCpcyGi38vkVwALovEioDpZmPNA,Jg Gaper,872,726,645,SBuBNzCtJgWhIT4E4FE7sxHc__afiotV0Jx8ZIW3jrE-ACnOFFFKhqTm0-13YwDKtaGFbeZdB_Q2_A
CHALLENGER,eOlymhtc90fW4S2I7HGwSaEolea7vDzD2WdVzxWVCHnG8wU,튀자튀자아,863,336,279,CYMtyn7b027-1HYTvNbCJ5COD9tX6pjK4c-CMsFaG4kQ5TRHDFYt8qLOxmDf3CIdAvJU4ddgcbhchg
CHALLENGER,ZkI2Gr8awW-A5I8zXfq5C4BcKougsjGPkr95wp9LYBpvGrw,See u AG,878,423,360,VXWRn7vsKvwp6hPgIz_c5-icSy9B0XCy48YHHHzsXhFsC-VCT3FQ61f9QSi_xSHFHndydB9lr9j3fQ
CHALLENGER,FhQBWVDWP2_BVU1M5v6w8IEwhecA2H_D4huUjMgkbCI9yw,Chieftain00,1346,870,753,FmPf9jshP1iZBO0nwofo_bT9MY_etYqKMl_P6-p5k-nK_dTSAMiQfaf21Dtp9WoCasp7fLFoWsIa0A
CHALLENGER,35LW2BRSfjaKa6uYropC_xvZi9Ae3o475nRtonCPEGHRuKVxMUo8Wv1cwQ,wangpiaoliang,924,502,427,7RnIO5LpmMnUXrmVXX4JEpmZO_dreiABOMLeJ2qL8hwQrDe-hESfeOLf6ZaEW04JG0AKhru7GuWODg
CHALLENGER,qoO7Z2XlHCoRamIbET8CoI3r5ngPIziDMUazUx2DfhRzTUlQCX71-JKsoQ,Epilogue for you,1160,335,255,CVrd1J-RHWfdi0w73Txpc0Ke3lPpd0LPtt1DEAmsSyqOdvsBh22-h_VHVVjM3fUNXT_dgl8AAjO3Dw
CHALLENGER,yaX0vDQ2_z1GLyE4MlWPNre1qL9s_v_lowQiKq7BASpfX_1u6qvaPmpnSA,kimchi warrior12,958,269,214,qf0Gnn2hJvKDdlAoS2CDNjIIksQuMOvTRSr2cPCABQH0AFh0CBk1kRSm4Ky0DruDkZSfS06iP23gNg
CHALLENGER,D7cVxoNDgSKm51X9TDj1vxgsxeycq39ff7qK7XTgy-DpymI,langman de,903,318,260,ueQ57jkvM6ThLFRyKDKBG0RWhoLg4CsxEpVFpGlU1TZUdz-7Jdw8e5XR0SmZL0kQsUSgpyUPkbvnmg
CHALLENGER,m6e2AObd7TJ4fDQmrOqBgM07dvHDxe_ANYAGK8IYWTsFtQc,행복하고싶다하하,860,656,603,8dqg_nLBL5iWSAznQftkKHnUlb45arFiX4drshSq-VivsxajIrXlYDt4j3qzqyx4WwrM2_m9yzMSYg
CHALLENGER,D9x-tkXSS3VXy887d1RUTrgYAoxcJc6KEuXVyIIkWrAkD4w,DK Chasy,906,1049,987,ywNXcoW7LXJnnk2Q2dp7V54XH5aUjCiJLtsWVZM1B97dFs4gsPDsBLBfZTaJ2hvMKawdGhqH5ASzTQ
CHALLENGER,MwU5zOkwVt4W97OvNOeasfJm5SfGcdpecFW222VcO_O3lXA,AF Keine,1016,1035,977,0
CHALLENGER,C5fxpRtzUkMDZoDEvHiIqeFp8E4MCUYjY8t2RT88iManwTg,이 쁜 채 팅,876,190,134,pYHuoIQJUW_myxpnDd2CYrGY8kBarwFaFtGzIq8p4zE3kAzs9owGKFPzilPT4AUcj2Z0OpEdKud0Ig
CHALLENGER,0R55eQB2i8oZ0fgnXM92oMfswkAAxUSEIGFnzQ99wDhlZKo,율천고 최현우,900,391,326,WwV47QL6Vc92NzUsXiiAKijJ62DQs3dzyLhadzakNE-FEuXHDEYhIuOVax4AKfq9Qu6eQL4k8fQ7aA
CHALLENGER,Q8zisOzS7-5bktrbBxaeAsM6gDzUzcH-Sj32ga_OzinQvIs,오동1,1007,1214,1123,txLWiK2Jf6v0wLzL28JoATdIkVKa9nfSxusZZBco5OsgNhVs6M3Jpznia-OKl9-NG5NknyOkETrYhA
CHALLENGER,fmPQAmmCPVV3EJTo4RyJxAAa15z5R4wDWOzbzzbHLO15jS8,Zxkkwhy,945,455,381,tFHxITJ6sAAUJfafoQ8tJOi8CqQBcbYc2IOXwGMcxH3yRJLRn83WNeJgO87QRmxEVVXPr4-cc_lgvg
CHALLENGER,vfWte2jowM_1Psn8l11X2PbZlF5BlvAum9VQmbJ9_xNdNBVT,숨지마라 룰루,1069,225,148,LU8ey10XUg7AhRXBc32UqDd2YGNQAwISgNxlAQiEgUA1nW3FiTBfmVzsL8IOdKv9fBjr2vA3o1cfDg
CHALLENGER,ZK320BMNytnzvWcuufRQ3dPOIGrYKsjisPVwm8K1R5gXXTQ,다람쥐땅콩빼앗기,1004,629,560,99RqOOPZQGIyhy3u4iaoctn0CPEXsMdH-Mvw6uwZN4lgtZdIQ_p2WRgLx0645yO21JpYrk7FohjZCg
CHALLENGER,jeM0fpsyUonQhjPQZvTOk2GEPr0vf_VZvpE4a_3cQOABSw,멘탈하난좋아 ,859,219,166,wX6nyQ0E7MOyYruYitt7tbiv0VGg31yloNc_8rvpwzRWuVi2m7f83IZbAr7GJznsfCj-5QRWJEboOA
CHALLENGER,TZp6f1OUmAG6MdkEHAqn6dT1PVWJmUeJYiqLyQkReyG6XAY,IgNar,991,374,308,-VVd26SW9AiIZZBdLomhHJ9N_qckzB0x7uEoUZHrTOvcRVC3nFUKwwCrW_SlAYNUatycnYWa9B3PgA
CHALLENGER,OLmezs8u11DtvmN_nNrfiPwHnINPuAm3H_KMrBkpL-As9pbFJjF1Yfxxiw,4cm,873,588,507,_CnQyWALaDSFeJzL_z2qdkGhKCFIN2GrRNRg1EzTrqi9OVy1yZ5UcQ3ShR6NPTJxZm7sGqXzKEO0Mg
CHALLENGER,RwOduvWrYjRXk8IxVQ1_sKwxxUS96hGoNV0WooJnaBwoz20,잘려고,870,543,488,Mrr8PsN5mw8tgiGzZoXz7j_8728Axe5tPbFJqlNP9x21NmmqKXS36FYzQ-vqaVkjQveu2YfSmO3f8g
CHALLENGER,8q4CfI94pWnBskLSKAHRQHDaQrW8VADS22Gchj_dFD1cPytiGYIEfyH_KQ,xcvknfdg,858,1032,970,52pOz3sCW6IukbrrSujn07x7zH91OHKzzjwt-AZjAHQpf_bFG7n9kzrBUKtIc6dE5b7eYPqoMIpnZg
CHALLENGER,rYoxU0L3UZE2oWRanKXQERpL3BbinMl0H34sgCGlcbAe3A,쪼렙이다말로하자,1471,954,854,STK9RuT1WNDo0DD3RZJVTbyWhjtOEJPTytFoV29fPjd08or1nFGJoeNphs8m2gmsLkcJfzpPp-f2Bg
CHALLENGER,6M18v9A0_X17eRlEjjwn6vlwN_k2GsKHV1CVMyBecdXFuQ,여름아나를왜물어,1019,361,285,X_H2wBI6FVEnvkTguD5appDq2Q6iJr_PjX77YfwvBMtEs-WSDaIUXdiwFbfxyoemjg_2LHZqn-VfMA
CHALLENGER,8uaBwFi59A_WjCqXP0EgjhblHjbO6jGMzAKdIOCwlDzMGkw,둠심 YouTube,867,449,373,prsQ09fvyxnESxxOLnE9f0Gf-VqPNNTDaixqiZPbFSUMGhAuIBvoAql23IDaNgy7WSHIhNnumiaoxg
CHALLENGER,ekehJa6yLqWXjanZan7JdbktmjUhTMX-csT-lgqNzv_mpUE,권 지 인,932,477,409,n-0ErMRCLwQgch0ufRHaQ56PP7LiVn_HYPzCqnjUDbh6KHBMhtbK911NKN5ZbriiKhHu3iz6H_1yeg
CHALLENGER,rsn6jlg1Evdhd4qJIsIjXn85lC4mvWZXUS0jv4TaMWEtxHeCd_tIfoolFw,wu guan feng yue,1018,654,562,8J9DfiEtP-NJZ2Ev_SFdtfEctMqim4h-7NVStIstoEDc2GaKyUgUZ8bsRXArGprgUHC2BIeog4n7Zw
CHALLENGER,LNxPD20kDw8BZ9coID6itheI2s4F-rhX3b79qdT8qdB68z-6ckozop535w,Tangyuando,956,435,363,xndA_Tnz3PEOuJl3Rr1hNMyNap3g7VKlzPQ_eytlOKMz-rM7c8Acdjh6VVaWJQHIkoSndMxzDiaSSg
CHALLENGER,AWWRKMHo9ov0GH3CBx0rfJmEUPG8n_mbOfZ5OPHrjSpNw-w,xiaguang,956,585,526,VhRBE3wnkqoRUvXsZivNv42vTUnB-7VNEmyq26QOVS5N9Epjmn2c5Z1JB4xtE0fQMm7qXV-fW-W-sA
CHALLENGER,BEtmeZM9nDSzOIcj6-sSpwV9F3hds5mPdA6tBuQRZFw6yw,Azhy,900,752,682,6AK-EiGPxVtnu0a5cgXsqt4rV2cRyj7O-holsc0h1RNUza0opZGVTlReSwazS3Vj6eEqdXGImUu9bQ
CHALLENGER,g7DH10_7wJ7BvMSALjr6Djp_zmg9jG0gxEebPdPu101Gx8Q,snzll,1315,619,537,Adshp38PUfP8bJncurPHW60c1aMSxxWBQ1aRb4bqxk6xkt1oWQHLUHYHhAIgZ1W2rm9UNnTqm_zyKg
CHALLENGER,ATSRuqy_3HDOD3mym0GT4rKfMjQuq0V2w_FCQVnwxZP2sfk,KT VicLa,1083,742,677,IMsX1Zi-XVO-g6kjbsornxaNQO_j81ORPrwCQfPYniJzh4rE2nGiPYxhIXOv53XNOWJ4GgxftQyYkw
CHALLENGER,r3hHsbePxbjlZwdC1PG5elgajcFU6KAY0qyHmOqwRLvjJXFi7SIkaF3NYA,FA 뉴에이디,900,262,208,Le8TGzUymmm-C7jiyhBYDfW09DELh9IyMkDrAyhCI79snBJ4vqcPoRJ-KclgQYkB3nc0OdIGz1_qzQ
CHALLENGER,7k0UpJNjppOa0DNeaOqO7QNe2lUDSLu-QfjBKYJNy_52tZs,zxcvbnasd2dk,996,517,447,Wh0PYVYYllUZA4Yo3N69mkrlIyt8bIwXn0kMN5OE-XGxEcdpkQ1OVbxh3H5BjnKfI150ZivlOh5KVQ
CHALLENGER,O4tKM4yfYwaRYD6uvDJCHRO-iiTuoTNljrBx3w-HwXRDZJHR,Aileri,861,298,240,xG5trCe4gMwr_9s3Ew7WNDA5-bqwCGKqxNFnkb9fX6YmOHPJb--WcPfnvHELfYSjbs8aDocNHBh4Ng
CHALLENGER,uVL6wyNYzM-teFWz-zYNtAROGIsgf-gS2Ft9dnhYVvCND6TfiDB1bY-9gg,111122223,1009,762,696,KuEvB5X2I_rdijo681ZsvB5ST7eqKBJt9EjAAJcAp1tw6LISAbok-CNjTGMKf-GFELFVygFkCS1b4Q
CHALLENGER,1p2-5WBOOl6Cj1tb_g4qBHEv8uQypHsbxRUuBOb0H3r4Xzo,장수열,870,382,318,lXJg4u77IhPdrPd7Pn7Q2OCL-GNPl41s9ojAohb21rDieXzNd7ldrcuNopwAHtMPhBFIEpV3G8T3MA
CHALLENGER,t_Fq4knWHpsJrexsqEda0_83lBBmuY1mfQC-Jtz63a9Q1Ow,Let me sup,859,1145,1081,W6YZG-7INWnlpCtqgVjFUmGCp1-BCsxFH9TxoqymXk_f1QBo5d9JvS53yI7mBRENEaGlfjrNaPsC2Q
CHALLENGER,w2MBlUIiOZIi-qTCHj28DMvhwL0ztI8uVyKYsviYDFVvynssDxsIDGt-Cg,woxiangdabisai,1588,860,744,VAha-skFvSycxY8zkACZC0iMEubPESmH0SA2hM4_OOPDHthsUoLCA8jWpj_P1vgKLLZsQldF4y_k7A
CHALLENGER,RDvtFdcoCYZ73qft5OsmRU17U6CuD93WZ8uWEZG3BLYDK56X6mhBtpaxTA,Gotchaoflegends,1048,221,160,C699l1F8Qjkng_e7sfP_I_b2XcN-60OtPVdrlSTzNWvHlcAw246G7wK5g6PpmJw-fxGNrTpfDQ3BTQ
CHALLENGER,WV7CLMBbhdmJZYruNvcuhm2VB7XS86dmTcp3LMsW9ZBJLCg,골목대장 태훈이,1008,638,572,VlmptuMNxFUb1Ohbzd_be4fdqZCguuTwF9aOj9wK9wU8HZSvMQNDo18wwrAuwuM2Kg6CNiPlnBoSLw
CHALLENGER,RmKfnqRsU9vFIbO0XRNANaLIihgrgke_OJsN5Nbx1At-xlY,anjingdayouxi,874,677,605,VRRE5JCSCLTv4_6HbsyYGb1sJQ7uayy5-9_4HhCGyzTkUEaQPjOfQRNERL8i1bAfiNLEjNiGm_t1Ig
CHALLENGER,-JHhSCfwm7QPwjcMEUBw2WlXf4T11xtQNheQkdkruqXjv_Q,한 줄의 기억,1007,917,852,A06UyRWA5cDNQDezviri1GcdMCvWp1hiqrTdCJhqsIqHff1miobQANXSPa15Y-UNssysrx6dwRUjeg
CHALLENGER,iQdTLcPGCjVj4JABMT3m14pFvy75UwGrTvF5yXwd0Aq6rXY,SPG BaeKHo,914,899,846,dbEajo2TPYLEk9-zJHbcK_h92KiFmUNN1DvN2velDpPqKECmwBBRil4baXyxjwsnwqxQcbLfdbfGzg
CHALLENGER,Xj7FqRvfXGi9-VwGvgLQgGMMls03hd2G9BAYYP6xjmcU7uTWk7TR5Ho_NQ,Yagao,1056,1011,929,RflCQofGRYueI70Cipj-M_H33pSAxGNwIv5l_FZFGiXOWzj5mvzhvze3qsNslae9IDH7usO3XRtwXA
CHALLENGER,xfID7v-ctchLmFHTPgdVsH-KITadMEt5gA5WXwtHvXjqng8,화산에서살아남기,883,224,152,w3mxCK3uTVnepYiI7aIuURYT5wP_m2_XMpUy8l8xcstBuMvjUrpiMeN11xA2VUgvp4O_uPFFy4WJVQ
CHALLENGER,XUmi_dYbsvDUEFUx_wc4aqht1-3rOk--OiDVEPuN_SB8cx0,Juhana,1026,1446,1389,2e9o8PM6h00fWS_gJhIsKatE5WnKv0GXIELY-QEYpvxChEzUVgxO-ilZ8rJDc-IVlMv2sWQ_zN9Vlg
CHALLENGER,2KE5PEnQXRRyCaM6MZVFW5-aCDGpAXkk6ENP8VQt8X-_2qNI,가민준,1015,422,348,Z5P1wogx4rka8uHXwnzuzXsrT7lS65XOtn_KF0K3QLDYRcPF-MDcZLLQ_BMZhA69K3ulTzbWpvHVGQ
CHALLENGER,xFk1CHWealIfjhuvsX9byOywD1iJfmNRWoEZrjS59CE_tQ,미쳐놈,895,592,533,vqggL-spNU8VV53_1QMUg7fuvRM4cIZAikyiI7YkfnjpuJKzSnODAT5jTw567TajbYtAu-oGpXQDAA
CHALLENGER,eu3OLkwJVROPWCeKu9902T_9MYWARz_DbUKhGjl0OHq3xA,No longer love,1034,631,534,VZ94_7ZN5Th6jTGw4Ap8CAU9bVbWLj519aAGHu4VBwimYs3FCipV6DcZHXbK18h5aXzl5wcJGJcVSg
CHALLENGER,vq20-jgrkyw-01xv6u6G_2oCFNNzT6nnb6L6ccWra8dxitCkJmIhZWslhw,검색 구글 제드팀,973,154,92,Lq2xOlAjAYMSUl3grHjVK2pQCyLQEG8liSUUm3EzCzZLlZQd_KU9qBZUgLZAAmDkg3cuD9CL3-nMzw
CHALLENGER,ZVLmWr-m6nIDYRSajQ6JoaaiiQO2bf-tcJN2aZcMmHUUeTU,FATE,984,443,377,z2Ua3XfqSNQK0Z9loGd99nP8zbEZDP7GKtycl3g2zc1RM7JWGAZ776W2aO4eOaS5Xl1hyOL1timNtg
CHALLENGER,foBFoJjC0QguIxChZoI2M6g9AGtov19Ra19X_YaHpcOC19U,Joe and Quinn,1039,739,676,FUhBVs6d3Uyc0_VkDPC_LQ54HjRvNbe1m3JK7z-IfS4eZwIpnwVZOEqnNx-e-FItRYUzzkzc_aMT5Q
CHALLENGER,iXD7h3xMbSi0S52VmCQLfFNiNmvEAC-AYVzzy4zN6Ai2TdM,DoRun,939,701,645,rOgVZ82w1Cq9MSPIUgh_ZD9GOSCJNNjhU0RYsk94rfWOSQEpFtU0lPxqKI6CSMZLH8_sVaFK-KlZSA
CHALLENGER,7dDyjPaw7lmXaTMo5ABwdPJSSvFNKIqm22RfVH9Dz5cZDfY2goEcnGo4wQ,izyn,860,137,90,RHZh_9tuBSK4SLsOleUT_PDoUQkA_4fJWiWumntVMizfJJW8Nfv-oTT_O8KooRIuC_t4N1C9Wzrqbg
CHALLENGER,8ubYHwMH5vM6qkBKCRy_Mme3TFBAgbTz-mEltJKIYGDsOtE3,DK Lucid,1207,939,848,M1I68yxVouvXMFkKa3FFCT2CYl1z3RrUHlpOa3vEqav0dDuAj4BeCFtprojAGX9ZK1eDCPuu3bJ4lQ
CHALLENGER,KlIr7FaEIbz4LnTtD4Bx-PpONoY3KwHCamhC6TP9AWiUS4s,Liiv Howling,1001,724,656,a8MwxC_3b_7gzPx1qLIjRHwMhTrlxO9kFaXTbNw8pqYA9d1qBjgNPS56NhfCD_8FcYptjyxf2s8tIQ
CHALLENGER,lidAs6rKLM3E7n2B7kiaMqpCD97x-BQrMDS20A_NZyEdtgESGKNUJh3cqw,CaII out my name,962,142,95,RF8-YwQv8aqJ0nnx7Omv5p6uti48Nw8_rRU__WFA32Uci8kSSgQjFkerxowqFb_r4CmTIWJ9IH_bxg
CHALLENGER,_T0LyDvzu-1uYkckdjY-N5Oevjz5mq5vugSOK4MWQmhcU2A,KT Way,1310,610,520,YiLk4oJJDpWlCRFxe2z96LTIrtUI5R6_NHHMvLNnNyw2hrz3kRrhXH6OYX9CmIQ_Q-C6emwDvvS9VA
CHALLENGER,cjjoOA01KwaOYnUOfsDwWjYklXkIGH1HGzMDFfw-csPR3II,Slow start 1,854,484,426,JpwydR3JD7IRIlcp7EuTwnx5rkyeDv4O_Wq6fEGu-RuDShe7bxLqHIPjQU7zzP8ygL1g50rfl0ZfDQ
CHALLENGER,BVf2UHvPPMyMBgmq4WqnHHajFMcIgqMuRxTDjn13anF_v4AECfsusq9NgA,꿈에 보이다,1261,316,238,SYyToKSXAEiYbqDBGSJCwCwld4PX5nTZnpWYn5wh6smdf8_XymRVAxaYMyuQ5VzgvPVwIGM2UOB1bA
CHALLENGER,aBxEQNB-pVXupaF581-fH7-nCVIPH0PlCTxJapC02aOri50,기모링딩동1,892,817,753,e-_9YiThSW8-ne24GWHjRpBxkDOzd96Zq06sQ099_Tm3fcLPTUoyyIpX80I0juNfpDi5H5lOUARf2g
CHALLENGER,Tg1LklYI8m508cYuTdcApdqXd0yhH3iw3Fpb5yAxMCjBGf0,야만인 왕17,945,230,162,vYCI2dsKa4ONx5Aufp5hK4UBqz3EwrUe4nHWoa36dKmWqjAVsAhgLWFVgLAmfQX2QvRnibGbMrdwKA
CHALLENGER,-CAb6JRRgNKdIkRbWWRuyGx5o73Fj2jqNt9TqIAKkZ4FzQ,PhasedKiller,865,308,240,bCBJvGQ6JurhGgfKFqLAB_9zYHSp_ypI8288aKntWyX44I1OCqKXYPz2-lRtZsGvKz2PmFD4_eVVng
CHALLENGER,hrDS1eS40bnUW4HPdfGt4eBwGb9GZxWOSdftqBPEQyZez6_zg1lt2VqGwA,changguiiiiiiiii,1225,569,490,CDUWUKhD4qqpJyLyGTh3pB2JYI2j5YYRShoeCLy_VFuAOLiEdJR7QwRBCW02QnakBaB8U_FaGnxOfQ
CHALLENGER,vSugThiRQGYs42xQH-EQ1z_oyKs-AXoFZv1DDIB1kS0oVA,SugiKim,903,257,198,tv7qcJ61ti-rPvBiU5FKK8P9uSbUsdTl3kzm-Qc1kndCCi7RNynYFtKD-IfOXOtheSD9nXnOIrkZww
CHALLENGER,HXoZpi7W-cn8qglqOIbwN7FI6M88trU5KasaNJZjxDVR7q8,괴해신살권,859,703,645,sbZQPdGNA9M2eOhZ-930kx4-kLFD78XA8bm8OvKMx43XsYAjqGbi4u96PG50zGyzbKt7-xgC2GBV6w
CHALLENGER,IZcJDd1WjbGE6TJWIsV6lrSxF-PA_Gsq08egKtO-Dq8aZDU,손연우 남편,864,246,184,E31OsHOjzvonyCKoC-JhXE-GKdWsYsifqBpcwvm_u1keeYG7aPToJT0q0dfKdHK9BQZW04_akaRbug
CHALLENGER,of8Zk2wo8ReAgF-gEaJvvnwa24LOG7MQTw2PCJARKZoiOZM,오디나무,854,327,253,oBs1jOGy5kqKrHZGQJRq9iRzXGxaD3g-fOLkLrEnp5xesbyhihVS7GI6IKGDZg2kt6o-VfvvZq4o3g
CHALLENGER,MvD2U58-UtCoNJAcQLsPVgzoap9NdFy0bqkA5z5CsnobcuU,어딘가좀아픈사람,1105,1102,1030,zaT6FGnDURcKcBB9-i0X7cIS2Of0HRzG5QrCAP79HFg93usGqgwuGBOJlzRQ7jPFjA0C5b3-ovs9xQ
CHALLENGER,NvDUhUg3m5G6Zu5M6icAhB5ZRGEGekC1Fq2uSaLwdqa-eVQjjLhY2o2fOw,oldmaybe,891,585,498,dz706I3pV4vBPNX9VqAGYy8K8_E4No8COxKE1vK982aQl15gGwF-FcBp3-NwDWHCqFx4FT2zlVJwFQ
CHALLENGER,kj3HP7SYlEgLuM5UJUmoSG3bOO5W--GW1smbDa0Tg38nz7o,jkjkjkjkk,981,1371,1317,yA0EoJFZQJBJLNu396c0ICREQQS5E8R0r-QXdC8s5rHnytyIZV_T-boQa_GAbwo27dbyo-Mbfae4ug
CHALLENGER,p-S8CHzAydH4mJwlD5fRqHQMLp5BwLSiob-0IMHxTzb9otQ,나 요,871,311,253,Wt_UXPC6rowmyHE_iGtBT9jmvp6XsCmgAF8SiBjTdG739gGHr5KGrru4ZiVxXKxdU3b20BZlNGGy2g
CHALLENGER,X_yBBKnTlLeZGwDNHJGW6luteVgRdVb3DRgopsHYyFVt4Q8,스물다섯번째밤,1003,558,494,zQNddx8lJSDnefa8VMXVGWzNbJReD_U2PXcuq8RzhzozORmRAh9yENfbZxUBHxhkRCaHezALjW0Y4Q
CHALLENGER,34Ln_q7hxWEnIZjclIT6aB79LBadXOwO-0T5m5tgXWYakRhHIEr0EKvKjQ,Shadow 7777k,1231,184,109,tUiri7hz1zE_fVb6ZCXViN8n1yYjYanELrTGUDAF8l3HLscNX7_YfZUBYoljpUGscYWNKpuEOhRuqw
CHALLENGER,WMTTgkpOA11sENvdf7-AE_HNKTKPkndPZm9odAZF5Mq7u2Q,Destiny,1024,544,478,9trDeWcKppUvXKCdaRe6eqRse9oCCl95OW0SPokYkZI-5KV3ea8KE_-ikztRFya0C44u52jpo0rKnA
CHALLENGER,1FgaMKmd_vWISshNEOUkCJ5pKkxRoIjSszSFxoTJtCnJOyidK2uif67UIg,김김정정민민,1460,930,820,yu597qnkLr_O0maA7Of7Bf0dbQRC70dGCo5LgZ1mr1uhMG2RjBxNKz0myHeg469MCzK3yOZWmXtmww
CHALLENGER,q6StmhE6cHQWsB5i812r6eBZt5vH8Bh4wvq0qz_RPAsIJ78,05프로하고싶어요,955,487,419,Hwv3Plt9SL282zxi0THWqg_Vm6ftv3xRCMDTSM8fWR8WQuN073gRw_Ax4EbSx6bRNB46Qadalu-S2w
CHALLENGER,TwIQCokGSFwTuX1z4AjkGMbN-CWleMDNeK6v5xwewp6BBYs,못할 때도 있지,873,645,585,zQ3OsljTUKfnxAohZHoqmPfdgm8AOeFtijfenuMmmF4RCZs7nx-CQfFBs7oXORU8naLx94v-hW7C6g
CHALLENGER,ICLQinb_RgCG9IelEN9tUG-Wq_RgMipa_m97cO0NsKNQOnbqdc0WbiJdfA,haoyunbaobel,1015,637,520,BtuXNVju-Lt9HbZOaIO-wYwiw1rFckWGQ-oUbmsFhut5WzI1Bm8ap3rSlt0BAZQujip4mMzAqE2yAw
CHALLENGER,OJsLeZNHjNewTPbD3AvbW-S92msfoEqtcnVGtHHsZSCOZR8,cxybaby,864,299,213,Ae0L1eN8vLE7fRV_jmTRoOJepOgGmwn-isXitrMaP6QtOJRhKW3948GhljlRcltxSolEAw_LDNswzA
CHALLENGER,oOzK41-_4RY_H5558HohJCG5oGfdAnSKBzSmCUkMZyVOUug,HLE Asap,982,1207,1140,n19KxpSy9PzNgv01Zd5qBFEuvpz7umU33gP1faaEqot5oh2XvVkAiNT1sLR447tBxrWxFbE139dhrw
CHALLENGER,5nNy_iKAV02JMl0iwMJredNx2iCE_ZUKKlse2-yiVqlxG5U,tnedifnoc syawla,1156,244,167,gBwC92SCOxf5Rc6r3gwcTyQCrPSss0SqCCgo7wDcXv-M4lMa1kMjYAOUutJS3r4UF9efcFh-aU3vMg
CHALLENGER,F03GMugGBW3lj9I26pkiHm2ihblXG9K2Ktvxzx_KoNLhs8b5EkBmGXR1vQ,Music and me,990,896,822,OYMLg-cOMQ3E9DM0Rnb82TgH2firAKzkp8QWLX0715y-WeTT0JaksPnOfj8GUexAeB_nrkhs3Oe3cg
CHALLENGER,kuoszO6pwiVoEg2nQYmIJ59r9JSg8nu_O_d2u499Z_MG78s,재미없아,1064,920,851,p02GYo9bNF17obovFyI2aXEQpYOV64V_L-4YW4tWIrDzYf3BngWrm8RvdMf4bj6D1Fu8NP5eEQVV7g
CHALLENGER,l8ReJb-k059S4QvJMTu6AGm_1gLGa7HxnHrxc5dzOkBR-Yon0auZT8QAyw,세상이 날 억까해,870,298,216,eXhUIXqEd5A2WmQ5JW6VizYjRTN6i79Xb5QCRFm4QdjPQTTYWiVuB-q24Jm6fn7e1t5A8_yW7WJKPw
CHALLENGER,ZJSyGIbgtKzxoHCo2imHhXhZXEcRzTdFBNoWbskDB6NUeN8,Sw22t but Psycho,1149,1051,981,0rLdHGIxTjO9UIFlv41xrjm3GVPmAJw6sYwHvsfA8xmGqStzKR7HQfVtNQbL6z2DJIjy_vm9th4ADQ
CHALLENGER,5DP6UETKn43G3ztfFVErMYpL9qEfLyQkgy4_VHcz44UP9k8G,전서방 닭갈비,936,652,583,CVer17piQ99i1flOmu-zsde1HEHHPj-OxapsjmX50EXG_IfVPah0SG6kXf-jnRv6eqBGCBw5p6uZww
CHALLENGER,if2R4uldYF7YwoCs0eDPI5AVTt-b2aWuEs24EP67-HzSt8ftlXqzY4-wzg,Good luck6,1016,318,237,noC75P_fm6n1F9x9jbI1FBtZqmFi3m5CWquUTDUo65MJZoyCrUFDW6KdCH1asGudR_lsyIy_rV45Pg
CHALLENGER,KPqhqlVds0-znmUVFVVqulh1pbdU2scZ6R-zq1RV27QMUQub8fLiLCAIRw,xin wu pang wu,1014,155,99,o_ve6RCvUgi6dUjUCKOhX2MJJlQN15skjAWqbIgR1GKNUk0-0REjHx3foDGxfCk02VmNBgA-jx7xMA
CHALLENGER,1LPbsV__xj4RQTZzoRnM2OotAY0xLBydBCA6X_S1xU1DDxe4xFU5qsVsCQ,mid ten10,1180,422,345,6U7c8-xikjtiTs7V18_b8oJrpzkXtFXf2Avr7lGKubuxJivgUhqwN1UxCaqBI4Ph7WaF9aOzEWRz6A
CHALLENGER,R7G2DF0XXkNXMs7ArtPkahfDrQA9UWM87D9MK5nHJKzyO40,Liiv gyuvee,1094,472,400,0
CHALLENGER,5R-5_Ukq_Xv418y44NPfvpYatIV0SJ8faXV5vcdEmPFs9NpvJ2nKm_J9XA,미 호,933,288,225,2S3pLr-AOJ9iqnB2a9wZwPIZpPO-IcyRrUwjp8Mv-h-ujmlC-SfKDetHD80jFQZTPLa2VupihNvsfA
CHALLENGER,K5cxw_Oq4MlcSOd03JhWf4o00b23fdj5zpQ4icbvpu37GGRoteXzAOatFQ,BZZZIII,946,1239,1172,Kn7GNEg8NhLLOzOZpY3PuVzSJk_l47pOvWcqLUS-zVgWQJ3L4uUXqndDoqCfPT5cSveKjmsN2pOLhw
CHALLENGER,v1SqIcd0yar587j6LCFn9NSl72CQ0P1bD2YfI9laR_crUhU,Pz ZZang,1183,328,256,Wjd0Kcno7tZfH3mLIlHCegd8p5CmWw4qXFOiKk-ZvHESQcp_LbsAcddRGGl0gNdWPz9W-tIeIJBFww
CHALLENGER,_EMalJ__sgVP8ScsC5CLKR6Kf2nnWVQ-y50KGq4tQ-hxCKI,T1 F0rest,1092,1235,1166,6L4HmPFSTUQDUSHxz0vMRQ0zXigAMLPaoEkMJ-pdO3C5gob16cOsXT-EcpXPb8UQ6kmyAeZVBLPOog
CHALLENGER,_akidBn3sWMbVIw8nDU6HQenD8J736aztZ1bWFq6boV3Pg,킬러톱,871,845,782,m8zmrs4djZwHIcqIlwEbrJ6BBOVltBv6V7oFpDETuWunBIRWBViDF69gXVOmzf-VHTPgDKYHbt875A
CHALLENGER,36UTnoELpEgbs_pQFWQ8D3wZhvf-sxT9HrdV5Yfti1PdWrU,Brona,871,573,516,ydrZ05cfLdRbeQZn0W3pZJzxOAUiUmeFs66iC6hsxX1XIm-vXthy7IRf27sbJxWVty_2ae3mkaKcuw
CHALLENGER,Vr_kjotRMVBJCFZOsOiDwMp4F1F8FOw7zDzMzj_mTNukOSM,늪에 빠지다1,857,817,759,FoXuTiOWGI2M31R5KdGlvLm8a2Zi6HOr1XyjM7kG4WDck1xooHy-i-lTHuk0X8EkywiTlIy6YToZig
CHALLENGER,GEYGVnC-lm6yujbHgcLydJPnE9yknzVCLzTX2kpoX7mMD38,HashtagWin,865,364,312,fNyyGCX9PaDxTXFQYWfFg_y9QHUx5ar6FxI9-8TouC_bWsFet5Ai7IcFwajOK1L7e2z7wNBKNaF_XQ
CHALLENGER,9BrqwZdPnAM7qmhDkKL4aMAceKOn5oTegsMWngM7S_bo3g4,구체맛좀볼래,1094,242,147,bOOUUY7jaLPCMSYBnPqCGTxCB92js26WlpfZ6qf0LqkZcmUxrmiQIrYQ3pM9a_oJ11vsosoOdsEWAQ
CHALLENGER,qhBOgjYeXNzK6T9s8B9rMCCPvztZdsb_jIjdmLjhNcKc6Us,Lehends,1117,822,748,s3N_pSIbwnGgIeID-rsaXGUj450TezIANaM2z9NKgcePZCVXysYek_yhaIgVijuIytrB_kjOxONiSQ
CHALLENGER,Uh4P907OmGs3aIcTHYz1L6tjPi_nDo740nhv-ZbfRGZwNeI,어리고싶다,1022,786,713,A1ZO8xHJ3C3uF3HaEm3xvYTr-rLhJj7LYhvlvdLeRWCIhjKnUHg8oCUb7dr3VNQNOjypDl1cFsBe3Q
CHALLENGER,4Z2Nfs-4FrLTBStNwR6DijayEENwT9GkEhU-2gsA69EOE5hTOTwRg0nC5w,KT PerfecT,1549,908,794,70_HIHnDstC56xLZe_RaplqHo0VusFaAaSoTGv7RdJQ__iesWhWPy_NSyux5QdSbwTeOX2EFbFc2SQ
CHALLENGER,aeXhAKt2D-1ZzLJOXFWLLEvv5z444USDY4tShHuGTeX0iDXG_BrHKCcfpQ,K T,969,133,71,1dXv96aJHAzu37CiQ73FKTCZDx1aZZwxQNmggqB3UCTX0A1Be6IXa47EJMntZ9UTX_Ufr7z_NWs_EQ
CHALLENGER,Vvr4sI4Rr7aehzRVbj0cJgVaCNrxRUkusyoNjkazC7FeRRB3,KT Harp,1201,665,581,-Pc_rnM5CgxH7xx6I6SGp3BAr_ltN6qy8EN3qKi-pk1Jf9Fi_KKOTaCwKfHSWeMUEWM05wP5ZoaVYQ
CHALLENGER,SwR0DhaZ8vF7dHrajYUCo6nx_CpM6VGErpHeib8JJ6ypPyg,시간의 숲,922,344,276,Ou8OnUhwcRfva5HMiiMoQxmgcI9kuARKaBWmXKO7NBOV40O0-tt3blY08sIX9knl3hbfWrxXbHWuTQ
CHALLENGER,EQm9pPXllshi-cjjDEvwFlOm7RqlOTTT580HfNGesQU1H3PZ,모다차,1046,485,420,0
CHALLENGER,XkW9_w2LQ9mBcXTx_Xqf0SeBlXb5VQjNcOZcFblF-mQgoHL9ERqL_UHI2A,Twitch아라드,1054,151,82,nAWFiUSr5eSSw-SMexlzOXBbDha_BSSgIZuREi5OrdCd9fDks7RnmTeIyC2ydb932YNz64CvfcanPA
CHALLENGER,LeUIjursyKtj1zJUDySFfWlQfyggMMcv__8eSrv73CIv5W8,lIlIIllIlIIllIlI,1110,302,236,trBNxzZeMDvi4behGkO2v-6JseZshsmmuxtAKADYcJVLG0dZ2GW6-V4hPFxzFrC1_GowXMKr5Gu20w
CHALLENGER,hwmDsLaSYCaDIsfc-65faXeVbfhoeqQ-P68kz8nUEriZ4tw,열심히해볼생각,1110,689,616,v-ezaLBtH0txkAxQFNvxkUvvD2e7sE51TyikdI3p4W9H1x7LOtfUTQvw-vJGf6ht8IqUjZ2f2mM3ZQ
CHALLENGER,t4aqHoN-3BFwljB6lZEpPF17EJo4uq7rKkXb_fTGuHYo6Ew,가혹한현실,861,656,608,NWI9J2oKK9hHnStYC-kRKAR91YUPRq0S3MVxfMY942rNvBU2XFfCY05FgAvYWDIfuBA4SCVKgrm4aQ
CHALLENGER,S8NJPcFz0qURhlVhgmHfyAUZXoj1_BDRuTJXbmNNkiRI-A5K,카사돌,1139,970,892,PJlDFi99ld_WiH7a4QzJ2n-H2Ru2OJMtNIgqDz_6LZg7CAPw2DUFq2hK_LgB5S_GhUGNFtTNPKNraw
CHALLENGER,GXbZINxDK1njCvLx-CfcOSzsaY9aiQOuQ63yMoFLEhdcPow,엠에프둠,908,1746,1678,g-1R8_C2H7QrX9bUzp93I6gPsl8r9LLXnyXynyko1R-mOPN6nmaijAtRs2QQvnJAtqH31QqMcWDayQ
CHALLENGER,okshkHYH6sswiKNhIWZDf3npSQXkNZjVITw2ete9Vb8L608,갱붕이,1152,1332,1255,9MG3Tmhf6AbHJI7lmdWIdmyg7aXqtkmhgiWT5U-XUrhN1bp1Va9sFQZmNxceC7MjF59uo_KlrHAoCQ
CHALLENGER,HHBO3TIb7M3kGFFcW8Gy_xMbvSTEOM7RSf17qu7KsYnK_EY,수호망,962,421,353,9N6anFHlhzuK5pEEKYFXsdaiowZ7LKBnOtLL0aIpW1ifYbiLQ3T55z-4t1u6y-_80A1xAA_3Vv-5LQ
CHALLENGER,wUfCtAZsY0vnuvE5RLTGDbd-ER8rk3dTjMyRs45YekYTAvm1-0im07FaLQ,Shadow FA 03,983,208,162,GbOvYiI25MbKdSuVwzISD6n23P2uLkJJFqg_FzCrhBfPMeibvAuOg9TpPBd_yv4-GVs54863ST0B8w
CHALLENGER,rsnI5zsyQKcrxwfCHnn0QPSDIbgfVbZW2ZyTHkqld6upC9Dt4j7VNnNteA,탑안옴힘들어해요,1005,174,98,0
CHALLENGER,U9r2MmDR1fY7i1L3oB__Uhm57U-nEaI4aQupzwHAgMFQeSA,berserkerrr,1195,637,559,C9jT6ZI3F37-7q7HSPI03SU8OyZMbPaXdYYHE39i49tZ_qSjzshN71uTmNt02Y4jtT8jk2Roo0nzzA
CHALLENGER,1w15FM7-EXTRZa6kmf2mYGLLR3A_vd9beNxUodyOtVzIVH6fO0gi_Lw77w,hunzi2,1018,457,362,QOTAZeIOkMDknmOfsBtPZ6WSMXiC1RCHEJDcfaFNHs4xv2a8L62gLyzgTEchczRBujGDKtUTwb-pTw
CHALLENGER,9EqqIbJhnA3EupvNvM_oeVJNjn-Vys677doeQePllK5lRzqwYU8svHtHCw,qweiowqeo,878,349,292,AixkB709nIVG4rVQ-yjU6V-BIF-0vfHH_xyUmGGZgUfCd7muQ_gYerTQuF5K0HZpxpzC3XsqG-uGbg
CHALLENGER,8yBhcuOAHmfpWeEAI0FaniXTiw_8z_ojQd7O5LrX2L8lm0I,용호야,1092,331,276,j8f6YDptJF__JvMhh1RsGv1FKJXYNrrZU1PMOGn7cARwn65xTssFywiZoW-qjERMjEu1lGrUjK62zA
CHALLENGER,mV9NDL15oOr9X0O9c9MrDV3OwyLBh3Lj2jzcs-Cysak0Ig,엔 햐,945,244,183,mqjXhFhixkwA2BRWOUgO_xc8LhNxw4ZEfzroITeYmTKKzs2H2-3vUYZgdgrBpfCL8uuBa5men5cTMw
CHALLENGER,hZ5d4bNKyhH8pZ2xBp8qlooD9ExeTVYJkrSXlK_h7hASzB0,쭌 베,1091,1173,1104,JmcLMG8eKKzX-JWqpFTrX_0SvaRrUiqSwRDntNacyGZI8Imyxe54pUl9jOtGRzUt0fzTVItj0gm1Cg
CHALLENGER,bM3ZgPrPQ96KBGcg7P-o7WVLM5NSA2BC25ig-2KYS0AqUULrikIYe287lw,qwrihwqijkq,1474,201,120,BuSHG_nyu8uHivVk06jOyEcn0Fn25hLhOoa5gQbP-V2OtvlkmYYuadFHPDnIQhGJFlkSPPhb2_tlAw
CHALLENGER,ZyoAUZHen_kkBd1TB0vl7S5ba3VfZMoRCNoy9sS25GUFIEQ,LSB Winter,956,1144,1078,zy79l8f8bXm9-M_W_yD6RYKriH9_PpK1LUkfRG97pQC8KFPYjMFYBem0ofJtz263wsSclOYYjmMNYQ
CHALLENGER,6qbXuPEmVS-wm3gRJOMqp-1naJF6OG-ijHucigDOTELR9iA,zxckas0dk,1289,640,561,ubFVm-b8MGwQuvo1y1Ke3m5NtEtSt8xSHSDnGRd7OqV3vEzthI5UqGOFE012-qs49RioU_W3RgSYIQ
CHALLENGER,Yp3K1zTM3Ergs-TFVUmljwMdtY6XfDw9IRbdh-kCSZBz_NA,밥먹고 겜하기,899,949,897,OAhp-P-_nDhU-gpMhd-7llnqWGsROvt2Spm4lMpSDtWZtilzanXvho4ZwSIOvx5PL-aJvhs0rbTCBg
CHALLENGER,xiDSCMIbRDcsJB6sNn3oAxMJFo-JusDKt_lWjyMkvP0iImY,신입 탑,994,932,871,6NeaRkvveiFyFVjwC00JNu3KzlwlCw0zWRsy72i6PnB0kT8WgfIXqHskqUds8FluVOE1D5IOjAhGBw
CHALLENGER,Tk61EqAgBZXp3leyHVvKtxPAziVB5MaYCmE0F8O1LFgzWcfO,DK Pullbae,995,989,914,s_fr-o_NQ_Kdqcp8R4tQ_W6niD0WkGtzip12ahovtPIBNaIQUNQCIHnMvatfu4-I0IkhPksMhltufw
CHALLENGER,i-rgmwZ-y2NsSmFwJuR-wsHze6q3kHgoC_FZ_ohxFyPOAHU,06 05 19,858,626,521,pz4B8C0A9ygSM5lxSC8NFzh_rtnHbzElCq0uarMwMZ5IGJjzSGupw9Us8Uyhxlg5HqJONL4KZLD6wg
CHALLENGER,fyKvQFwsNi9bfxZP_RTTnf46ywM3gEReFaC9gVYejM3QHgQ,N0T Angry,940,559,508,EYG8R4xtsktCzu72L258t0X01PQ7RZ3v1h2TqMUPfXDo8PWcTqMHKPyXtASVpzttDVPiHFNgHZ6dew
CHALLENGER,ej25QU6ps7vSNhypeJil3x-vc_FxHVA1Aabl7kFcrSVz5k5JppQ9iHGhJw,Shadow Rabblt,906,270,213,fTNosFrc6kRyj1s-0pB8RkQSZ5q9ujsL6qrxE3g0boDsvwqWcYQOYQfPl-lsf7PNrsO7QgJ687BsOw
CHALLENGER,Rk7PxX_8-VexrDKTYGtuP87VrjbB72Mz4EPSMpLsGPe38w,lIllIIlIIlIIlII,1062,515,440,nk0kKRm3ZF6wg6YAmgXstthQ8Q6ERR_We2ap3yc369_5VR6mJOG9y-vSYOpHEpcxwsDszQ4BlznjsA
CHALLENGER,V_VuPZAF1-QQe3q0p0o3SZRnVWwafbzrkXbQJf3WN6UgwJbZ,Mung,886,323,242,ZClCowoLCdSU2UwRDlWs8Vgzis4NPoNIcFPZWhfvq2jgeq4hWmx__vZwBlPkBrloH5GrigXAEWbvww
CHALLENGER,mDUOd7ZCP0iBfsxE3yVWlMM7pyPc3fzF5B7iXo_P7U4SGDY,항상배고픈코그모,1199,887,799,AosV9G850rgptA-rYOmqnsnqdUyQBJtWGlMEYHtcOaopoRg09E4c4KEm26ezjf-vnsNclSnt2N4o_w
CHALLENGER,kIdeFMGfFwAENqoSMC3JIP1swgM74Z38EzOg0qCzDuTT1Q,원딜연습중입니닷,855,231,169,ImuIhj7_mGVoVy1US1cQg2158PTA5CFqve-7drgWKZ5DKnr7YID0LFzOhGSJFAftEOSPHk9vVegXTg
CHALLENGER,Ri4Bu9N4SDzSByPjwN_i4W6kDfA6LNHmK-zFpDPHsn3GdN4,이 차가 식기전에,940,665,608,4lXbfHzYG5qQXQUIR_p1ZP2BenXhlThNunBDBmmtMymj4Y8898PNoKfCSi1z1S7A2jEmi46ImBb0qQ
CHALLENGER,6wUeLnkTedw3HKavpYrTRrXPvk_N5ODYZkitErD4sfSh98o,graves pick plz,862,1031,985,0
CHALLENGER,SOjq6AuJMw3uxmsCrOfh-EhEgwFHyyb3ufJ-qvYmfFel-XI,인생은회전목마1,895,825,759,EnWp_QM1HjXEANhcbpVaV8wIIjr1P5rWCergES7AkRBGWIkD0BDokSGZcOrS6nZtsi3rv3frJlHviQ
CHALLENGER,N40vj6v0PuplFh16FJa8rkueUVGjIygUEdHlBT_K6M3hvAY,빙밍잉,882,349,294,19sHgkr79dTzRZUMTz8vr4V6l0w3sKL56DXdY5obS3RIf-RcD1893GP9Jr-bPnuxvjYGeKQuo3PjVg
CHALLENGER,LqqPQaWg-RuVqnQyux_IyIoKJ3uXIQwwcoHaj15RmqsZvYOP1TXiBr3oUA,wzn0413,920,383,321,O1MyYlLQ1dK_0UGSeMdvo1joPZ4ED2h5meE6S-4du5wg22HcCQNnbTJOHyU2xfdUbohj60BGDrYKtw
CHALLENGER,W_9VYyMNUoQNPfuG6k9gh1joJDn1wBc-EsM6uK5luzAp09A,Gen G Burdol,879,353,275,NT74Lho7yPLmgDbhX7SJl1ZyQJwUBoZ1dmAIC2aomdjttnLDW18qbngV537qkFUfPvO50vYoOlJS3g
CHALLENGER,oODujGT8A3MkP4kIeN-qLDd9BGykIAN2_LGwombieZcEBks,RiHoo,893,812,756,Smq0-olcjPwdCdoxEfPYYiq197bEOD5pDog6l7caaPyVnKPJrGWQnpC9tGTzU0boMc-MHBkj-l17nw
CHALLENGER,5L3hHD-2IIIeq5CeprKucBpPSaiGaeRNPcr5VUPzVea7dkU,은가뉴,1349,467,376,K4Lj16dPL2q48pI0AzhEeBMU-hx-s9uipub6X-pYg3Oa0r4Ek5sLNhCaEii_Ot116IvrsBmRU_gSMQ
CHALLENGER,wprQwKAmh4XGspqTgOD87AC9BGZetTo2o5Tbt-FB1mw0NO4,BRO Hena,1082,1414,1348,ZvcboxMvL5kV2TxTCw4duXil7_GReuQuQFfpjSvEROuTL_vIsIC3O27VK4L9Zdh4VtvTQqvlOvT_JA
CHALLENGER,JpLLy5zLRL3QWhs3k5aORQOySmFWkhHSlCmcqSEdd3ppVR_xYu2vp8sIlw,순뀨박,865,229,175,QlILxzW1wOX61_3ZFW_UE2L93jzmLc0Nz3FJtaQ71gQ_1pliOHEVZYFl_OBQgbhLPUOI9hP-qfE6pA
CHALLENGER,5kqOa-6WDMM1DBecrpFYATx80hV-B75F1VsEiuLAcJb7reeDe4R2oFwvEQ,cxzqweasd,938,294,236,5kMR49XC_mZa7KbmB_IKZuGHjCTYdoFwDPyp8rmFTOtY4vQ57PcYrz9lyThgYNylTV63toTIgDu9_Q
CHALLENGER,5aE41rNaoc9rsTRaFxEEsBFe-mxYjg2i2RMx8NHlOnCJBXw,Gen G Dice,919,587,526,0
CHALLENGER,D0coGKv9ReJ5fqcEBfeops6a_i30H1bp_vvk6FEIS8v_T-yM6x6UbSwqQg,Shadow2003,945,174,123,_jILS678yomm6yDwnqr4RK2GJCzCZl8G2MzmlhLsdPKJSY-D9uVRvk4Lt_R90aKbWu6K_2xI0c1MqQ
CHALLENGER,HGllIUIe5s5WRH9vDq_2ti7gShWAxIE2ZYuYrHGT4tN_EvI,C1 Akshan,1106,608,523,tmvLad2XV8vnJYVZeNlMP8xFor4eTa1UfYlSDQLi-YFyuFlPunLh7_iAdspA4iAkv6WcHSD22MFiSA
CHALLENGER,pZCgkPbfnccaLGW9mLDVRzCryxG7CH676WPEMo7Tr5SwNek,Liiv Effort,1043,387,306,tUOcK21EIGN4PTs-8rc3gRlZH67wVjxvgz5dq6LJSvBEp_wY11idtMEqUNAxm0xV2bTlD_YCWrVsLg
CHALLENGER,FwRRXjUUi62In2oU2yu7fREfwks1INv29Z4o_b4Z3BtKqps,아이러니2,1416,769,656,u9MQz2LnHtk19sc40dbgo8hWRPp3PNx5UavWmghvAZI0nNUiXDjT-eNVh1Pw66zgzkPgdRINL6_4ew
CHALLENGER,bzgdL5_G4TkXF5HB6Vlt80ksbqsNK7E-RwtClEUCUn1CUK4,BRO Delight,1129,1002,930,r6nJu85HtbrKDE0mg_MloQBCoTkQIuGoObMArzfXVWBRWQauKScwzWTvPxixTMk8Ez9NFwIZ08UXhg
CHALLENGER,-sb5X2VtZilZUNC1nxzxRIPhXZ_1kA9yusCITPifGUmp0gO8,독기품기,1216,343,257,2lvVzIiq5_eJsL2qr7YcXcimwbTC5nC3SgCBU9aFF3ybFyjiWCaHZFOu_vEXzm0s6gLKdhrz8Fz3Uw
CHALLENGER,h0V5hpvg6TXu4L_QzN5k-R6HLnQtQFIvBxDbtQyJ66kjNQ,초보강아지,863,369,312,lmu0mk4Xd8pjTSPMm7alKypv_smWcvIlg3RSGZT9Ym2aCExhaTOwlxMirYQXkQubx_hVPLc7S1OvLA
CHALLENGER,qWOUQDfliKVOlNTeXX1bbaD2A4S9QF-gjXY6rlkslvaB1nU,it calls echoes,869,1076,1025,dcbsogYdy7YAq8zutT1VeYLlTEHrrhSmqGAYJrLt1MJlAvAU6S8TpSA5hWn5IotEnym4xhALDhh0pQ
CHALLENGER,Oyx0jRu9PfpJRZNh8BMlcMap-b2ZLkJ1sKwL84GrVQG3oMc,AF Ellim,1123,465,384,IupqEV4WIF9wFamDV14lX2zparGwEHKHs3tYsHNb1q_lcj6P-MMwZt7LB-Lr2vqGnRYng42Opq2yYg
CHALLENGER,xGuTt_SDkgkDo2pp63Z_CCCu0lrTnviyOHOUByWN5i_hnUX4AkYVcOykOg,그래 내가 걔다 1,1087,316,266,E1SiA1Fq95-4oaEnzVlcd4w28RM0MKfkyArbPecghz8NMD5O2bLy04SmTvz9Y-F52bwaied9FdIUOQ
CHALLENGER,WVvmqbKvm4F-Vgwsue-Qde9AWkkReMmHnSjmpkaxkl1QS44,01 t0p,870,687,627,0
CHALLENGER,HMwZJZvMYktqlfhIXRboqmEOWHEqjEBdKqcQYel7xnYW74I,원딜은무기력하다,858,217,168,vJAZ8EsFNdywtaHa-fY2nZ_BdqpOL927VVrhPtjwQhGLKxmHKHQnfIeGlPsDsH3KQX4BWJbFmOBm8w
CHALLENGER,naQoT1ySg9U43Drg6CeAEFw57uOT-qHoe5EHaKRMCAE6tQ,Naehyun,1031,841,781,QJwYaNtrswE-Hismi7n8WS-nybht_OB5BihqrbLP-uQChh_D67uppzYKXtFURqM_6nWxIK5IaWJZiA
CHALLENGER,Z1QJgUzY1zyWrlp3rwP1hrWKFvyvW8-WYCdGVbATI14HoUzFWRqk-5q1fQ,qwjqonl,1326,211,135,rlIrMVzi9kJSxLrm9F0nZ-IUHNvYr3PpQaZsDqyDvlAzieLewA1vbIG7x8KQJi175ySDP-4ovkzllg
CHALLENGER,cJgM6VU7xVMgClqrwk56Z8LvoG58YkLYj7Ko9D9Emvi-gjU4Q5Kg6GEvkw,SimYM,982,819,738,oDCD4RS4g1w7i_BHMCzn5aEbemmeTM21mo_KCtP-8J7ej8dgypVKsRj5HqnUdRVmwDC9tbEYXKuZ5A
CHALLENGER,qiuwd02Q-TTcaFBu3gKi7Ruj8JLuwaTJxF2RV4fqb9m2UJ0,Croquette,855,592,537,wQ664nJO7EzLZ9MUD1nyEYml4OyAvMuRZLhszD34vRifxCcYyxoBKYNPSgmf_OpTubLIVFHD4W95NA
CHALLENGER,C4BVs8XSxbyntg4d_IOQ091FJ9yrtSxRMJ3591lSWq--rG63071bo5O2nQ,qtopgjpqokpofkq,913,1311,1248,Y5nyGod0IXtP8tQV0wS0IvROm4j7kcbJTQTvF4N5T82ool0LOq7ywSL98ttoWNa3-du0I9Oc2kp9rw
CHALLENGER,FBkE7cz82MA7b09kw0lKEOGaMIbkepPhbf1hBMSK0dXSR18,어쩌면 영원히,851,373,312,a6yb0sTruTD_kzQI-2AApVp497HHZOyxnnb4_3gNVpdJ2HdPs0SfQNhXnsdIw7gvhARCkp76Rz1oHQ
CHALLENGER,juRVC5K1C7xmt8TCvmrAPoDg7-FQy8sj35ZjfRChWp1hYQ,Axiyo,899,239,176,tRlMQjv1s9M_1ztxUTmSBfR5f2RvScriBEUx4y1eKq9D3W2OjCQccHd91wkm3Ww0vI82qWY81A9Tnw
CHALLENGER,3LQV-k0xGKnrwzidPOECM93S_8t8kK1bwWFzwbGITqajNr4,Gen G Khael,1227,493,424,RPBgJk1-VkLpajYaEnppT3XywYvipl3Sd3w2AhcHqDEGz4Mu7zytKqjFAfsvO86YzGFmGS8oPt5vWQ
CHALLENGER,3-1qHawMHo73NGm6gpTewtTkI8KqeVKVLI0eOUTe-MGqIdk,700125,896,930,873,R7dSVF8kNjG2afuCFJWCA9V8MFthlgnMIUEthfYi_d0KMefIevembUmpMxuFfzWnTPLJJP9pVBf0DQ
CHALLENGER,woRyjcpINyMrX_pCuQepy-qRVZjCjl247rHxKAajtzRcIhBcRZ7H4r6RmQ,갈망갈망갈망갈망,862,214,168,3YZrfURO-U_h-n4t6jW-Wg0dCxK8zKNCVmB-4IKIfiTjVLeHXaeFCdWa2ILtayRWdCh0bNaadfhImw
CHALLENGER,2BzZ0HrzPsVB25kiX2tt7166sx65NIjxwUilmMB7wN3WeoodavGDeVJ2fQ,zika1,938,937,857,eXP7h2TOX0LZ5js7jO4HBRTcdrtPUtFemmGaKICSoEuwhJAJGc3eJ04K1rgbZXmo9NADlZqq2UuRFw
CHALLENGER,KWU5nnVtIcChMouBS2yEjzH5Q9QFWINRoHh2ZWeOODWqZv8,모두안녀엉,1225,638,561,9mDRGFANkaoD-ig11YpUbFukq8clhUtd3SJ4NRQejOkzTzfVi9zG5gnScyT71YE6pk4cTkd9Az2p9A
CHALLENGER,ENYLiF6M4C-8tNZNhuY8jbNPszLyzQW0qj3t081Iud-GJi_GvrDa8DEMtw,포소포소,862,769,721,89wIthIlH1Zqf4KMCcqYTqCxOfqDCpZvEcUf0rtpnVvLbSbvG2YK-yXRK2xTjMirxPZXrj-gvT2lIA
CHALLENGER,4Kr_706bN5Ry3Gp1lDvY9UcWd02lfKW7r7MSlUQbsQK1plI,bao1,1227,383,302,4nXSw4h7WsA24gbCg156RutY5tniVXVizUD0YysxPmqliCvcUpserc3WY4ZTGRCb6dJ8qETPwY7hyw
CHALLENGER,dw6iJOPtj_fCbWgNq3mzRa9PjXGQOpoyHU5PKSqgWybx7w,대포내꺼 퉤퉤,886,390,319,wAgEr8-Tc1Uapl1YzybgpYgX0YT5LDgCbFjnW1j0J5w4rNGxfnSb54EF2EDu_bnUkTMPL0EIji1APQ
CHALLENGER,6UHsvIbNkYZ97-Le4VdC9hIWZB0Q4-shKn2uIcbK3h7OgDXZXISRrixbHg,살퀸레,1030,643,571,cTZAA85t-ggixqbymGOlPgoP1UpzC0jGI5Sz3rhldL787h3-xhomwlF2dhR-D8ajmRP6YZIlSwujtw
CHALLENGER,aO1xsaXXikbblW_kEpLyoTdgsOPFp4y0oqUzI6N6Ny9pXw,FIORAKlNG,867,330,274,wcMztGa-CtpnSRSgUkT8DxDAQAJSSK826NHVJsFeiT8FN6eH_iwIAjJvXNeVJd4N5Ujbh8PLft57hQ
CHALLENGER,EszJlPw3QWdlzC4ZafTX5XGEI7BcJShXLx9a3_HPwvEkfm4,zzzusss,1213,419,341,e32pb76MMx1wlQxq8mjlrRP-_AlELS1ghf3-0roA3rNluF8Gguk-Wv1AXBnpn89LBIAW0qxcaDDJUg
CHALLENGER,HQJBuql5AMF_85BWpXwdGYQkbJ4vQU_V_KI4nYL7kqydkVQ,Yellow,880,296,215,ax7l_vwp0ItyqXAzKS37gSZ64m76IjavHmvU8wodWScoX5TuFs9-DTzZDKUuzLjbNwzeCt0I2TAyoA
CHALLENGER,DUYZsILodZQE-Er6rWx4TgvS1bNbRVEeXJvVLoFPg80dJjo,미소녀우진,957,530,403,qzSQuIHoMBk-KrWw29wYZJ0YJihHA780Ea2eoEq_1BngDTB_WHYCEihADtQgWtH8UR9A3MQ78FsY9Q
CHALLENGER,rXDPY4KHP9GcjJbNtDwJwCLfxvRLwNSnGTwsU4dcjdDHZbo,97S,868,267,217,0
CHALLENGER,EVVq8xk_r9fWyRlIOIsBj1U8A9FtHRV9ElpSEMR_5VWbn2I,FA Jool,965,1142,1079,OrILIfbtz9bmgUzXrrWkfedQD-jC9eGwa5USMPwZF83wFIZkDivd17f5pbLQfkOc_tdlTmmCPGLSbw
CHALLENGER,R3BMezT8ooLN9OQ4Sl3hgg7B3TcPieoaUmUbJZ6wT9M05Zk,나는 준일하다,1307,399,316,FharU81FpvrAlH8g6vkZ7HC8X50Ikp1XaI_SdP5AhDYGEmvcZ_897UrtE-atPd6Zc48jDkFLDIKUEw
CHALLENGER,jXmb_ex6EDmaNzlABuFLW_HZnhZ1-lgGQ63Y7MLfVeuHfr4,Youtube heeseong,880,384,317,fEUFUiTZ7wtp4b487HurK3Uz_LgijnFUX22JgNnYD3BRZnxoLDzKRjAwm9Wdb24WlI6GCjOROWriuA
CHALLENGER,bZt0Og60Fu0Ybp-EjIXwdwb9ljlGwLqeLCl_5PlPcfIKaiHcnmy6jnsPqg,Tomo456,984,325,263,fMQpBEF1GBIIbmXu-SK8ENGFgUGu1sPZAlXtmYJG3YQY_d04v3HYe69jd3SI72BA6W3R2f41m5wMYQ
CHALLENGER,4EXZo_08rrI_2Cap7Bt5R14oAcRczHQAeV6AUzZt3nb5jK8,nounnoun,863,490,427,zaGWun0-2otvyMatkv1LcAsZsKti89LT--DLE1Nb7qZjA3MVE-BFTasejJlQYmdG4_YenrrHXy8dqw
CHALLENGER,ePVLPsDE_B0e8ObJ_55tQtrQ9lEZZT6ltLAxmwQozyJl0vk9cdWVTCcuGw,jianguoqiang,981,1036,965,mtRP2PUaHC6osA_IASGFdzNNJKU1TTv_8iAl0VwBN4O98jHzVNFpKDVwHHecAqFdOEU11OEsfNY15Q
CHALLENGER,wIZjmbCx9p4cKHgHYGr1FNOAd1hbJwkvh-E1R5xz4WjvVU1tXwBWXyH3IA,23gg,974,147,99,tV1bDFY14BcW-i0YCPl5Y6-Mv8JwbvG-OcIipzL93EG5NnwhWN_POHaZsBP9gY1MB6eKF6c4xMcz7Q
CHALLENGER,UYV19ojSnJoGKSLY1bo-OW0vGHTgAzPy2GlvxBmkg1LSih0,디알엑스 제트,1110,1539,1463,Pzs2VnHuio1yMGFUa-XRk6ESlhkgQDXy7KTjsByyMOt28u5RAmwIta32j8VPxBianWFh-8iqvN5YPQ
